Category,Cluster,Product,Unit_Price,Quantity,Discount,Total_Price
Juices,4,Hohes C Orange,1.87,74,0.1,124.54
Soft Drinks,2,Fritz-Kola,1.87,18,0.05,31.98
Juices,4,Granini Apple,1.64,4,0.0,6.56
Alcoholic Beverages,1,Riesling,8.62,47,0.05,384.88
Soft Drinks,2,Pepsi,1.74,5,0.0,8.7
Juices,4,Hohes C Orange,1.8,15,0.0,27.0
Water,3,Vio Wasser,0.98,6,0.05,5.59
Juices,4,Granini Apple,1.28,31,0.05,37.7
Soft Drinks,2,Schwip Schwap,1.3,76,0.1,88.92
Water,3,Evian,1.26,3,0.0,3.78
Juices,4,Cranberry Juice,3.46,14,0.0,48.44
Juices,4,Tomato Juice,3.33,12,0.0,39.96
Juices,4,Granini Apple,1.59,3,0.0,4.77
Soft Drinks,2,Schwip Schwap,1.27,7,0.0,8.89
Juices,4,Passion Fruit Juice,2.98,41,0.05,116.07
Juices,4,Mango Juice,3.31,8,0.0,26.48
Juices,4,Passion Fruit Juice,2.93,7,0.0,20.51
Juices,4,Rauch Multivitamin,1.76,17,0.1,26.93
Water,3,Apollinaris,0.93,8,0.0,7.44
Water,3,Apollinaris,0.57,5,0.1,2.56
Alcoholic Beverages,1,Erdinger Weißbier,2.11,3,0.0,6.33
Water,3,Volvic,0.55,3,0.0,1.65
Soft Drinks,2,Red Bull,2.35,1,0.0,2.35
Juices,4,Tomato Juice,3.23,12,0.0,38.76
Alcoholic Beverages,1,Beck's,1.43,30,0.1,38.61
Soft Drinks,2,Club Mate,2.19,14,0.0,30.66
Water,3,Selters,0.52,31,0.1,14.51
Soft Drinks,2,Mezzo Mix,0.59,8,0.0,4.72
Juices,4,Rauch Multivitamin,2.91,55,0.05,152.05
Soft Drinks,2,Fanta,1.19,9,0.0,10.71
Water,3,Apollinaris,0.99,6,0.0,5.94
Soft Drinks,2,Sprite,0.95,47,0.1,40.18
Juices,4,Tomato Juice,3.23,3,0.0,9.69
Alcoholic Beverages,1,Augustiner,1.16,4,0.0,4.64
Water,3,Volvic Touch,1.42,14,0.0,19.88
Soft Drinks,2,Schwip Schwap,1.02,71,0.1,65.18
Soft Drinks,2,Monster,3.12,3,0.0,9.36
Soft Drinks,2,Pepsi,1.53,15,0.0,22.95
Juices,4,Cranberry Juice,3.46,12,0.0,41.52
Soft Drinks,2,Club Mate,2.2,60,0.1,118.8
Juices,4,Mango Juice,3.31,4,0.0,13.24
Water,3,Selters,0.46,15,0.0,6.9
Alcoholic Beverages,1,Beck's,1.64,64,0.05,99.71
Soft Drinks,2,Sprite,0.55,7,0.0,3.85
Alcoholic Beverages,1,Augustiner,1.09,6,0.0,6.54
Soft Drinks,2,Rockstar,2.27,5,0.0,11.35
Soft Drinks,2,Schwip Schwap,0.89,34,0.05,28.75
Soft Drinks,2,Coca-Cola,1.04,10,0.0,10.4
Water,3,Volvic Touch,1.31,21,0.05,26.13
Soft Drinks,2,Red Bull,2.28,4,0.0,9.12
Juices,4,Granini Apple,1.64,6,0.0,9.84
Soft Drinks,2,Coca-Cola,0.99,51,0.05,47.97
Water,3,Volvic,0.58,10,0.0,5.8
Juices,4,Mango Juice,3.12,8,0.0,24.96
Soft Drinks,2,Fanta,0.8,35,0.1,25.2
Alcoholic Beverages,1,Riesling,4.19,1,0.0,4.19
Alcoholic Beverages,1,Chardonnay,4.88,8,0.0,39.04
Alcoholic Beverages,1,Augustiner,1.12,14,0.0,15.68
Water,3,Volvic,0.58,13,0.0,7.54
Water,3,San Pellegrino,0.66,11,0.05,6.9
Alcoholic Beverages,1,Erdinger Weißbier,1.92,11,0.0,21.12
Water,3,Gerolsteiner,1.01,12,0.0,12.12
Alcoholic Beverages,1,Kölsch,0.93,10,0.0,9.3
Water,3,Evian,1.31,6,0.0,7.86
Juices,4,Tomato Juice,3.43,13,0.0,44.59
Water,3,Apollinaris,1.13,100,0.1,101.7
Juices,4,Mango Juice,3.31,2,0.0,6.62
Water,3,Vio Wasser,1.71,13,0.0,22.23
Juices,4,Cranberry Juice,3.46,9,0.0,31.14
Water,3,Evian,1.23,1,0.0,1.23
Water,3,Selters,0.46,5,0.0,2.3
Soft Drinks,2,Fritz-Kola,2.33,48,0.05,106.25
Juices,4,Passion Fruit Juice,2.38,60,0.05,135.66
Alcoholic Beverages,1,Beck's,1.41,8,0.0,11.28
Soft Drinks,2,Schwip Schwap,0.56,16,0.05,8.51
Juices,4,Hohes C Orange,1.8,11,0.0,19.8
Juices,4,Hohes C Orange,1.79,28,0.05,47.61
Alcoholic Beverages,1,Kölsch,2.09,81,0.1,152.36
Juices,4,Granini Apple,1.59,8,0.0,12.72
Soft Drinks,2,Sprite,0.56,3,0.0,1.68
Alcoholic Beverages,1,Augustiner,1.61,38,0.1,55.06
Water,3,Vittel,0.58,8,0.0,4.64
Water,3,Volvic,0.86,70,0.1,54.18
Water,3,Volvic,0.57,7,0.0,3.99
Water,3,Evian,1.31,11,0.0,14.41
Juices,4,Rauch Multivitamin,2.07,34,0.1,63.34
Soft Drinks,2,Schwip Schwap,1.2,13,0.0,15.6
Water,3,Evian,1.26,15,0.0,18.9
Soft Drinks,2,Sprite,1.27,42,0.1,48.01
Soft Drinks,2,Schwip Schwap,0.83,9,0.05,7.1
Soft Drinks,2,Pepsi,1.53,6,0.0,9.18
Soft Drinks,2,Mezzo Mix,0.59,10,0.0,5.9
Soft Drinks,2,Fritz-Kola,2.05,13,0.0,26.65
Soft Drinks,2,Club Mate,2.19,3,0.0,6.57
Water,3,Evian,1.23,7,0.0,8.61
Juices,4,Rauch Multivitamin,2.38,13,0.0,30.94
Soft Drinks,2,Sprite,1.2,97,0.1,104.76
Soft Drinks,2,Fritz-Kola,1.99,6,0.0,11.94
Alcoholic Beverages,1,Chardonnay,5.03,15,0.0,75.45
Water,3,Volvic Touch,1.38,12,0.0,16.56
Water,3,Evian,1.39,82,0.1,102.58
Water,3,Vittel,0.62,1,0.0,0.62
Water,3,Volvic,0.98,88,0.1,77.62
Juices,4,Hohes C Orange,2.61,97,0.1,227.85
Alcoholic Beverages,1,Riesling,3.64,72,0.05,248.98
Alcoholic Beverages,1,Warsteiner,1.05,11,0.0,11.55
Soft Drinks,2,Red Bull,2.35,6,0.0,14.1
Soft Drinks,2,Sprite,1.1,66,0.1,65.34
Juices,4,Mango Juice,3.21,9,0.0,28.89
Soft Drinks,2,Sprite,0.53,8,0.0,4.24
Water,3,Apollinaris,1.19,49,0.05,55.39
Soft Drinks,2,Schwip Schwap,1.24,7,0.0,8.68
Soft Drinks,2,Mountain Dew,1.58,47,0.05,70.55
Soft Drinks,2,Pepsi,1.53,3,0.0,4.59
Juices,4,Cranberry Juice,3.67,14,0.0,51.38
Juices,4,Granini Apple,1.59,12,0.0,19.08
Soft Drinks,2,Club Mate,2.35,54,0.05,120.56
Alcoholic Beverages,1,Warsteiner,1.05,13,0.0,13.65
Alcoholic Beverages,1,Krombacher,1.59,5,0.0,7.95
Juices,4,Mango Juice,2.36,43,0.05,96.41
Juices,4,Cranberry Juice,3.56,12,0.0,42.72
Alcoholic Beverages,1,Augustiner,1.09,8,0.0,8.72
Alcoholic Beverages,1,Chardonnay,4.88,12,0.0,58.56
Soft Drinks,2,Coca-Cola,1.07,4,0.0,4.28
Juices,4,Passion Fruit Juice,2.75,54,0.1,133.65
Water,3,Selters,0.47,2,0.0,0.94
Juices,4,Tomato Juice,3.23,15,0.0,48.45
Soft Drinks,2,Mountain Dew,0.99,2,0.0,1.98
Alcoholic Beverages,1,Warsteiner,1.58,99,0.1,140.78
Water,3,Vittel,0.79,82,0.1,58.3
Soft Drinks,2,Fritz-Kola,1.98,36,0.05,67.72
Soft Drinks,2,Monster,2.38,63,0.05,142.44
Alcoholic Beverages,1,Warsteiner,1.02,11,0.0,11.22
Soft Drinks,2,Club Mate,2.19,8,0.0,17.52
Soft Drinks,2,Sprite,0.53,11,0.0,5.83
Alcoholic Beverages,1,Merlot,4.48,7,0.0,31.36
Juices,4,Granini Apple,1.59,6,0.0,9.54
Water,3,Selters,0.48,41,0.05,18.7
Alcoholic Beverages,1,Riesling,4.19,15,0.0,62.85
Soft Drinks,2,Sprite,0.56,4,0.0,2.24
Water,3,Gerolsteiner,1.01,8,0.0,8.08
Alcoholic Beverages,1,Warsteiner,1.05,5,0.0,5.25
Soft Drinks,2,Fritz-Kola,2.12,3,0.0,6.36
Water,3,Apollinaris,0.96,5,0.0,4.8
Soft Drinks,2,Coca-Cola,1.21,9,0.0,10.89
Juices,4,Granini Apple,1.69,1,0.0,1.69
Juices,4,Cranberry Juice,3.46,2,0.0,6.92
Water,3,San Pellegrino,0.89,10,0.0,8.9
Soft Drinks,2,Club Mate,2.19,1,0.0,2.19
Alcoholic Beverages,1,Chardonnay,4.1,56,0.05,218.12
Juices,4,Hohes C Orange,1.8,7,0.0,12.6
Water,3,San Pellegrino,0.86,10,0.0,8.6
Juices,4,Rauch Multivitamin,1.89,98,0.1,166.7
Soft Drinks,2,Club Mate,2.29,97,0.1,199.92
Soft Drinks,2,Sprite,0.55,14,0.0,7.7
Water,3,Evian,1.13,10,0.05,10.73
Soft Drinks,2,Fritz-Kola,2.12,13,0.0,27.56
Alcoholic Beverages,1,Augustiner,1.47,63,0.1,83.35
Alcoholic Beverages,1,Beck's,1.41,14,0.0,19.74
Soft Drinks,2,Club Mate,2.18,65,0.1,127.53
Soft Drinks,2,Pepsi,1.08,89,0.1,86.51
Soft Drinks,2,Rockstar,2.34,13,0.0,30.42
Soft Drinks,2,Mountain Dew,0.96,12,0.0,11.52
Alcoholic Beverages,1,Beck's,1.37,11,0.0,15.07
Water,3,Vio Wasser,1.61,3,0.0,4.83
Juices,4,Cranberry Juice,3.46,4,0.0,13.84
Soft Drinks,2,Coca-Cola,1.1,5,0.0,5.5
Soft Drinks,2,Rockstar,1.91,27,0.1,46.41
Water,3,Volvic,0.58,6,0.0,3.48
Soft Drinks,2,Schwip Schwap,1.27,3,0.0,3.81
Soft Drinks,2,Rockstar,2.27,48,0.1,98.06
Juices,4,Granini Apple,1.69,5,0.0,8.45
Soft Drinks,2,Rockstar,2.19,23,0.05,47.85
Soft Drinks,2,Club Mate,2.13,6,0.0,12.78
Juices,4,Passion Fruit Juice,4.32,75,0.1,291.6
Soft Drinks,2,Pepsi,1.68,11,0.0,18.48
Juices,4,Mango Juice,3.31,6,0.0,19.86
Juices,4,Hohes C Orange,2.16,61,0.05,125.17
Juices,4,Passion Fruit Juice,2.93,8,0.0,23.44
Juices,4,Passion Fruit Juice,3.57,47,0.1,151.01
Alcoholic Beverages,1,Kölsch,1.21,16,0.05,18.39
Soft Drinks,2,Monster,3.21,6,0.0,19.26
Soft Drinks,2,Fritz-Kola,1.99,11,0.0,21.89
Alcoholic Beverages,1,Merlot,4.35,4,0.0,17.4
Soft Drinks,2,Monster,3.02,24,0.05,68.86
Alcoholic Beverages,1,Erdinger Weißbier,1.86,27,0.05,47.71
Soft Drinks,2,Fritz-Kola,2.05,7,0.0,14.35
Alcoholic Beverages,1,Chardonnay,4.88,15,0.0,73.2
Juices,4,Passion Fruit Juice,3.11,1,0.0,3.11
Soft Drinks,2,Monster,3.31,11,0.0,36.41
Soft Drinks,2,Mezzo Mix,0.61,9,0.0,5.49
Juices,4,Cranberry Juice,4.52,99,0.1,402.73
Water,3,Apollinaris,0.96,11,0.0,10.56
Water,3,Vio Wasser,1.71,8,0.0,13.68
Juices,4,Cranberry Juice,3.56,2,0.0,7.12
Soft Drinks,2,Pepsi,1.53,1,0.0,1.53
Alcoholic Beverages,1,Jever,1.94,15,0.0,29.1
Water,3,Vittel,0.56,10,0.0,5.6
Juices,4,Tomato Juice,3.08,100,0.05,292.6
Water,3,Vittel,0.56,4,0.0,2.24
Juices,4,Passion Fruit Juice,2.93,13,0.0,38.09
Juices,4,Hohes C Orange,2.16,38,0.05,77.98
Soft Drinks,2,Red Bull,2.28,6,0.0,13.68
Soft Drinks,2,Rockstar,2.27,6,0.0,13.62
Water,3,Vio Wasser,1.61,6,0.0,9.66
Water,3,Evian,1.23,3,0.0,3.69
Soft Drinks,2,Fritz-Kola,2.05,15,0.0,30.75
Water,3,Vio Wasser,1.69,66,0.1,100.39
Alcoholic Beverages,1,Jever,1.99,7,0.0,13.93
Juices,4,Cranberry Juice,3.56,9,0.0,32.04
Water,3,Apollinaris,0.96,1,0.0,0.96
Alcoholic Beverages,1,Kölsch,1.26,51,0.05,61.05
Water,3,Evian,1.31,5,0.0,6.55
Juices,4,Mango Juice,3.21,4,0.0,12.84
Juices,4,Rauch Multivitamin,2.68,24,0.1,57.89
Alcoholic Beverages,1,Krombacher,1.63,3,0.0,4.89
Soft Drinks,2,Sprite,0.55,9,0.0,4.95
Juices,4,Passion Fruit Juice,3.02,12,0.0,36.24
Water,3,Apollinaris,0.8,31,0.05,23.56
Water,3,Apollinaris,0.96,12,0.0,11.52
Water,3,Apollinaris,0.93,14,0.0,13.02
Juices,4,Tomato Juice,2.03,68,0.05,131.14
Soft Drinks,2,Sprite,0.53,7,0.0,3.71
Soft Drinks,2,Fanta,1.19,3,0.0,3.57
Water,3,Vio Wasser,1.71,2,0.0,3.42
Water,3,Selters,1.22,73,0.1,80.15
Juices,4,Hohes C Orange,1.75,3,0.0,5.25
Water,3,Volvic,0.58,2,0.0,1.16
Juices,4,Passion Fruit Juice,2.58,97,0.1,225.23
Alcoholic Beverages,1,Beck's,0.91,17,0.05,14.7
Juices,4,Hohes C Orange,1.86,13,0.0,24.18
Juices,4,Passion Fruit Juice,3.59,73,0.1,235.86
Soft Drinks,2,Monster,2.06,19,0.05,37.18
Alcoholic Beverages,1,Kölsch,0.99,6,0.0,5.94
Soft Drinks,2,Rockstar,2.27,15,0.0,34.05
Soft Drinks,2,Pepsi,1.58,11,0.0,17.38
Juices,4,Tomato Juice,3.23,6,0.0,19.38
Water,3,Volvic Touch,1.38,1,0.0,1.38
Water,3,Apollinaris,0.93,5,0.0,4.65
Water,3,Selters,0.52,45,0.05,22.23
Juices,4,Granini Apple,1.64,1,0.0,1.64
Juices,4,Tomato Juice,3.43,5,0.0,17.15
Alcoholic Beverages,1,Krombacher,1.82,76,0.1,124.49
Water,3,Selters,1.15,17,0.05,18.57
Alcoholic Beverages,1,Riesling,5.18,71,0.05,349.39
Water,3,Gerolsteiner,1.07,1,0.0,1.07
Water,3,Volvic Touch,1.03,12,0.05,11.74
Water,3,Volvic Touch,1.42,2,0.0,2.84
Water,3,Gerolsteiner,1.07,15,0.0,16.05
Soft Drinks,2,Coca-Cola,1.04,12,0.0,12.48
Soft Drinks,2,Mountain Dew,1.19,67,0.1,71.76
Juices,4,Mango Juice,2.76,8,0.05,20.98
Juices,4,Tomato Juice,3.33,6,0.0,19.98
Water,3,Vittel,0.56,12,0.0,6.72
Soft Drinks,2,Mountain Dew,0.96,6,0.0,5.76
Alcoholic Beverages,1,Augustiner,1.09,14,0.0,15.26
Soft Drinks,2,Monster,3.21,4,0.0,12.84
Alcoholic Beverages,1,Warsteiner,1.71,84,0.05,136.46
Juices,4,Granini Apple,1.17,29,0.1,30.54
Water,3,Evian,0.94,43,0.05,38.4
Soft Drinks,2,Coca-Cola,1.07,6,0.0,6.42
Juices,4,Passion Fruit Juice,2.4,43,0.1,92.88
Water,3,Gerolsteiner,1.06,88,0.1,83.95
Soft Drinks,2,Pepsi,1.49,1,0.0,1.49
Soft Drinks,2,Club Mate,2.26,11,0.0,24.86
Water,3,Apollinaris,0.96,6,0.0,5.76
Water,3,Volvic Touch,1.42,4,0.0,5.68
Soft Drinks,2,Mezzo Mix,0.63,11,0.0,6.93
Soft Drinks,2,Mezzo Mix,0.63,3,0.0,1.89
Alcoholic Beverages,1,Riesling,4.19,10,0.0,41.9
Juices,4,Passion Fruit Juice,3.02,10,0.0,30.2
Water,3,Selters,0.51,8,0.05,3.88
Alcoholic Beverages,1,Jever,1.94,14,0.0,27.16
Water,3,Evian,1.55,79,0.05,116.33
Soft Drinks,2,Sprite,0.56,14,0.0,7.84
Soft Drinks,2,Rockstar,2.27,8,0.0,18.16
Water,3,Apollinaris,0.38,69,0.05,24.91
Water,3,Vittel,0.58,13,0.0,7.54
Water,3,Vittel,0.56,13,0.0,7.28
Alcoholic Beverages,1,Sauvignon Blanc,8.83,14,0.0,123.62
Alcoholic Beverages,1,Warsteiner,1.02,5,0.0,5.1
Soft Drinks,2,Schwip Schwap,1.11,70,0.1,69.93
Alcoholic Beverages,1,Chardonnay,4.74,14,0.0,66.36
Alcoholic Beverages,1,Krombacher,1.05,5,0.05,4.99
Water,3,Vio Wasser,1.35,60,0.05,76.95
Juices,4,Rauch Multivitamin,2.43,32,0.05,73.87
Soft Drinks,2,Schwip Schwap,1.27,5,0.0,6.35
Water,3,Vio Wasser,1.59,88,0.1,125.93
Water,3,Volvic Touch,1.08,19,0.05,19.49
Soft Drinks,2,Club Mate,2.64,84,0.1,199.58
Soft Drinks,2,Schwip Schwap,0.95,24,0.1,20.52
Water,3,Volvic Touch,1.19,22,0.05,24.87
Water,3,Gerolsteiner,1.01,15,0.0,15.15
Water,3,Gerolsteiner,1.14,4,0.05,4.33
Soft Drinks,2,Sprite,0.56,5,0.0,2.8
Water,3,Vittel,0.57,32,0.05,17.33
Soft Drinks,2,Fritz-Kola,2.12,12,0.0,25.44
Soft Drinks,2,Monster,2.25,44,0.1,89.1
Soft Drinks,2,Sprite,0.55,11,0.0,6.05
Alcoholic Beverages,1,Kölsch,0.99,5,0.0,4.95
Juices,4,Mango Juice,3.21,11,0.0,35.31
Water,3,Vittel,0.59,13,0.0,7.67
Soft Drinks,2,Mezzo Mix,0.88,42,0.1,33.26
Water,3,Vio Wasser,1.03,33,0.05,32.29
Soft Drinks,2,Mountain Dew,1.17,29,0.05,32.23
Water,3,Vittel,0.58,3,0.0,1.74
Soft Drinks,2,Mezzo Mix,0.63,5,0.0,3.15
Juices,4,Rauch Multivitamin,3.3,87,0.1,258.39
Juices,4,Mango Juice,2.45,5,0.1,11.02
Water,3,Gerolsteiner,1.01,7,0.0,7.07
Juices,4,Granini Apple,1.69,15,0.0,25.35
Soft Drinks,2,Monster,3.31,9,0.0,29.79
Alcoholic Beverages,1,Krombacher,1.59,8,0.0,12.72
Alcoholic Beverages,1,Rotkäppchen Sekt,3.31,31,0.05,97.48
Juices,4,Tomato Juice,3.23,4,0.0,12.92
Soft Drinks,2,Coca-Cola,1.1,8,0.0,8.8
Alcoholic Beverages,1,Merlot,4.48,10,0.0,44.8
Alcoholic Beverages,1,Augustiner,1.16,6,0.0,6.96
Juices,4,Tomato Juice,3.43,3,0.0,10.29
Alcoholic Beverages,1,Warsteiner,1.08,8,0.0,8.64
Juices,4,Rauch Multivitamin,2.38,10,0.0,23.8
Soft Drinks,2,Fritz-Kola,2.05,6,0.0,12.3
Soft Drinks,2,Red Bull,2.22,5,0.0,11.1
Soft Drinks,2,Rockstar,2.27,3,0.0,6.81
Soft Drinks,2,Mountain Dew,0.96,2,0.0,1.92
Water,3,Apollinaris,0.99,5,0.0,4.95
Alcoholic Beverages,1,Augustiner,1.16,10,0.0,11.6
Soft Drinks,2,Coca-Cola,1.14,1,0.0,1.14
Water,3,Volvic Touch,0.66,8,0.05,5.02
Water,3,Selters,0.49,8,0.0,3.92
Soft Drinks,2,Club Mate,2.1,49,0.05,97.76
Soft Drinks,2,Monster,3.12,12,0.0,37.44
Juices,4,Granini Apple,1.69,9,0.0,15.21
Water,3,Evian,1.48,52,0.1,69.26
Juices,4,Passion Fruit Juice,3.64,52,0.1,170.35
Water,3,Vittel,0.87,53,0.1,41.5
Water,3,Vio Wasser,0.74,9,0.05,6.33
Juices,4,Hohes C Orange,1.86,1,0.0,1.86
Alcoholic Beverages,1,Merlot,4.22,5,0.0,21.1
Juices,4,Rauch Multivitamin,2.85,31,0.05,83.93
Water,3,Selters,0.69,66,0.05,43.26
Water,3,Apollinaris,0.93,12,0.0,11.16
Alcoholic Beverages,1,Krombacher,1.63,4,0.0,6.52
Water,3,Volvic Touch,1.42,10,0.0,14.2
Soft Drinks,2,Red Bull,3.27,28,0.1,82.4
Alcoholic Beverages,1,Erdinger Weißbier,1.7,23,0.05,37.15
Alcoholic Beverages,1,Warsteiner,1.05,1,0.0,1.05
Juices,4,Passion Fruit Juice,3.29,2,0.05,6.25
Soft Drinks,2,Sprite,1.26,45,0.1,51.03
Water,3,Selters,0.46,8,0.0,3.68
Soft Drinks,2,Fanta,0.66,17,0.05,10.66
Soft Drinks,2,Fritz-Kola,1.93,11,0.05,20.17
Juices,4,Passion Fruit Juice,3.11,2,0.0,6.22
Alcoholic Beverages,1,Sauvignon Blanc,9.09,5,0.0,45.45
Water,3,Selters,0.49,12,0.0,5.88
Alcoholic Beverages,1,Riesling,5.03,2,0.0,10.06
Alcoholic Beverages,1,Merlot,4.22,3,0.0,12.66
Water,3,Selters,0.59,10,0.05,5.6
Alcoholic Beverages,1,Beck's,1.55,15,0.0,23.25
Juices,4,Mango Juice,3.12,15,0.0,46.8
Juices,4,Cranberry Juice,3.36,67,0.1,202.61
Juices,4,Tomato Juice,2.63,57,0.05,142.41
Juices,4,Passion Fruit Juice,2.93,2,0.0,5.86
Water,3,Apollinaris,0.98,33,0.1,29.11
Juices,4,Tomato Juice,3.7,74,0.1,246.42
Water,3,Vittel,0.59,5,0.0,2.95
Juices,4,Tomato Juice,1.69,76,0.05,122.02
Soft Drinks,2,Mountain Dew,1.13,94,0.1,95.6
Alcoholic Beverages,1,Rotkäppchen Sekt,8.05,10,0.0,80.5
Soft Drinks,2,Rockstar,2.21,12,0.0,26.52
Juices,4,Tomato Juice,3.33,14,0.0,46.62
Juices,4,Granini Apple,2.64,100,0.1,237.6
Juices,4,Rauch Multivitamin,2.45,8,0.0,19.6
Juices,4,Passion Fruit Juice,3.11,10,0.0,31.1
Alcoholic Beverages,1,Warsteiner,1.37,93,0.1,114.67
Juices,4,Hohes C Orange,1.86,3,0.0,5.58
Water,3,Apollinaris,0.96,9,0.0,8.64
Juices,4,Granini Apple,1.24,25,0.05,29.45
Juices,4,Mango Juice,3.21,15,0.0,48.15
Juices,4,Cranberry Juice,3.93,70,0.1,247.59
Soft Drinks,2,Mezzo Mix,0.61,12,0.0,7.32
Juices,4,Rauch Multivitamin,2.14,37,0.05,75.22
Water,3,Vittel,0.59,15,0.0,8.85
Water,3,Evian,1.31,1,0.0,1.31
Water,3,Volvic Touch,1.42,7,0.0,9.94
Water,3,Vio Wasser,1.61,9,0.0,14.49
Juices,4,Rauch Multivitamin,2.03,36,0.05,69.43
Soft Drinks,2,Fritz-Kola,1.99,5,0.0,9.95
Water,3,Volvic,0.55,14,0.0,7.7
Soft Drinks,2,Coca-Cola,1.21,10,0.0,12.1
Soft Drinks,2,Monster,2.95,27,0.05,75.67
Water,3,Evian,0.76,43,0.1,29.41
Juices,4,Rauch Multivitamin,2.4,1,0.1,2.16
Water,3,Vio Wasser,1.16,69,0.05,76.04
Water,3,San Pellegrino,0.86,11,0.0,9.46
Water,3,Volvic,0.57,8,0.0,4.56
Alcoholic Beverages,1,Chardonnay,7.43,47,0.1,314.29
Water,3,Apollinaris,0.94,84,0.1,71.06
Alcoholic Beverages,1,Beck's,1.37,14,0.0,19.18
Alcoholic Beverages,1,Erdinger Weißbier,1.92,4,0.0,7.68
Alcoholic Beverages,1,Augustiner,1.09,10,0.0,10.9
Soft Drinks,2,Pepsi,1.49,6,0.0,8.94
Water,3,Selters,0.72,51,0.1,33.05
Soft Drinks,2,Sprite,0.63,57,0.1,32.32
Juices,4,Rauch Multivitamin,2.45,6,0.0,14.7
Water,3,San Pellegrino,0.89,12,0.0,10.68
Water,3,Selters,1.74,85,0.1,133.11
Water,3,Volvic Touch,1.38,13,0.0,17.94
Juices,4,Mango Juice,2.39,8,0.1,17.21
Soft Drinks,2,Mezzo Mix,0.61,3,0.0,1.83
Water,3,Vittel,0.58,9,0.0,5.22
Soft Drinks,2,Sprite,0.6,42,0.05,23.94
Juices,4,Hohes C Orange,1.86,11,0.0,20.46
Alcoholic Beverages,1,Jever,1.99,11,0.0,21.89
Alcoholic Beverages,1,Warsteiner,2.18,43,0.05,89.05
Alcoholic Beverages,1,Merlot,8.78,25,0.1,197.55
Soft Drinks,2,Rockstar,2.27,1,0.0,2.27
Water,3,Vio Wasser,1.61,1,0.0,1.61
Soft Drinks,2,Fanta,1.19,4,0.0,4.76
Alcoholic Beverages,1,Warsteiner,1.74,87,0.1,136.24
Soft Drinks,2,Fritz-Kola,2.14,42,0.1,80.89
Water,3,Apollinaris,0.66,32,0.05,20.06
Juices,4,Cranberry Juice,2.39,44,0.1,94.64
Water,3,Volvic Touch,1.01,24,0.05,23.03
Water,3,Evian,1.39,36,0.05,47.54
Alcoholic Beverages,1,Jever,1.94,2,0.0,3.88
Soft Drinks,2,Mountain Dew,0.99,7,0.0,6.93
Water,3,Vittel,0.78,20,0.05,14.82
Alcoholic Beverages,1,Rotkäppchen Sekt,8.05,5,0.0,40.25
Water,3,Evian,1.24,77,0.05,90.71
Soft Drinks,2,Fritz-Kola,2.51,88,0.1,198.79
Water,3,Vio Wasser,1.3,42,0.1,49.14
Juices,4,Mango Juice,3.31,13,0.0,43.03
Juices,4,Tomato Juice,3.23,5,0.0,16.15
Soft Drinks,2,Sprite,1.51,74,0.1,100.57
Water,3,Volvic Touch,1.04,65,0.05,64.22
Juices,4,Rauch Multivitamin,2.45,4,0.0,9.8
Juices,4,Rauch Multivitamin,2.31,10,0.0,23.1
Water,3,Volvic,0.55,9,0.0,4.95
Juices,4,Hohes C Orange,1.75,4,0.0,7.0
Juices,4,Tomato Juice,1.73,18,0.1,28.03
Water,3,Vittel,0.66,80,0.05,50.16
Water,3,Vio Wasser,1.66,5,0.0,8.3
Water,3,Volvic Touch,1.42,15,0.0,21.3
Water,3,Volvic Touch,1.42,11,0.0,15.62
Water,3,Volvic,0.55,2,0.0,1.1
Juices,4,Rauch Multivitamin,2.31,12,0.0,27.72
Juices,4,Rauch Multivitamin,2.39,65,0.1,139.82
Alcoholic Beverages,1,Erdinger Weißbier,2.04,4,0.0,8.16
Alcoholic Beverages,1,Augustiner,1.16,2,0.0,2.32
Alcoholic Beverages,1,Sauvignon Blanc,9.09,14,0.0,127.26
Water,3,San Pellegrino,0.86,7,0.0,6.02
Soft Drinks,2,Club Mate,2.19,15,0.0,32.85
Water,3,Volvic,0.57,5,0.0,2.85
Juices,4,Rauch Multivitamin,2.38,9,0.0,21.42
Soft Drinks,2,Club Mate,2.13,12,0.0,25.56
Soft Drinks,2,Sprite,0.56,9,0.0,5.04
Water,3,Evian,1.23,15,0.0,18.45
Water,3,San Pellegrino,0.86,2,0.0,1.72
Water,3,Volvic,0.53,15,0.05,7.55
Soft Drinks,2,Mountain Dew,0.93,4,0.0,3.72
Soft Drinks,2,Mountain Dew,1.27,20,0.05,24.13
Soft Drinks,2,Mezzo Mix,1.08,73,0.1,70.96
Juices,4,Tomato Juice,3.8,82,0.1,280.44
Alcoholic Beverages,1,Krombacher,1.61,47,0.1,68.1
Soft Drinks,2,Coca-Cola,1.1,14,0.0,15.4
Juices,4,Mango Juice,3.12,3,0.0,9.36
Water,3,Volvic Touch,1.46,6,0.0,8.76
Soft Drinks,2,Pepsi,1.67,37,0.1,55.61
Water,3,Volvic,0.55,5,0.0,2.75
Soft Drinks,2,Mezzo Mix,1.2,68,0.1,73.44
Juices,4,Tomato Juice,1.99,32,0.05,60.5
Soft Drinks,2,Schwip Schwap,1.2,11,0.0,13.2
Alcoholic Beverages,1,Erdinger Weißbier,1.92,10,0.0,19.2
Soft Drinks,2,Rockstar,2.27,9,0.0,20.43
Water,3,San Pellegrino,0.91,3,0.0,2.73
Water,3,San Pellegrino,0.91,4,0.0,3.64
Soft Drinks,2,Fritz-Kola,2.05,12,0.0,24.6
Juices,4,Passion Fruit Juice,2.99,28,0.1,75.35
Juices,4,Hohes C Orange,1.8,9,0.0,16.2
Juices,4,Rauch Multivitamin,2.45,12,0.0,29.4
Alcoholic Beverages,1,Augustiner,2.57,99,0.1,228.99
Water,3,Volvic Touch,1.38,10,0.0,13.8
Juices,4,Rauch Multivitamin,2.38,3,0.0,7.14
Water,3,Apollinaris,0.99,4,0.0,3.96
Water,3,Evian,1.31,12,0.0,15.72
Water,3,Volvic Touch,1.36,73,0.1,89.35
Water,3,San Pellegrino,0.91,1,0.0,0.91
Soft Drinks,2,Rockstar,2.34,11,0.0,25.74
Juices,4,Cranberry Juice,3.46,13,0.0,44.98
Soft Drinks,2,Club Mate,2.32,59,0.1,123.19
Juices,4,Hohes C Orange,1.86,7,0.0,13.02
Soft Drinks,2,Pepsi,1.64,13,0.0,21.32
Soft Drinks,2,Fritz-Kola,2.12,4,0.0,8.48
Soft Drinks,2,Pepsi,1.74,13,0.0,22.62
Soft Drinks,2,Rockstar,2.6,32,0.05,79.04
Soft Drinks,2,Red Bull,2.35,14,0.0,32.9
Water,3,Evian,1.69,82,0.1,124.72
Juices,4,Mango Juice,3.31,15,0.0,49.65
Water,3,San Pellegrino,0.86,6,0.0,5.16
Soft Drinks,2,Coca-Cola,1.14,9,0.0,10.26
Soft Drinks,2,Pepsi,0.7,23,0.05,15.29
Soft Drinks,2,Coca-Cola,0.81,83,0.1,60.51
Juices,4,Passion Fruit Juice,2.68,21,0.05,53.47
Water,3,Volvic Touch,1.38,5,0.0,6.9
Soft Drinks,2,Fanta,1.19,6,0.0,7.14
Soft Drinks,2,Red Bull,2.2,19,0.05,39.71
Juices,4,Granini Apple,2.18,45,0.1,88.29
Alcoholic Beverages,1,Erdinger Weißbier,2.68,87,0.1,209.84
Juices,4,Passion Fruit Juice,3.11,13,0.0,40.43
Juices,4,Hohes C Orange,1.86,2,0.0,3.72
Soft Drinks,2,Fanta,0.68,85,0.1,52.02
Water,3,San Pellegrino,0.89,5,0.0,4.45
Soft Drinks,2,Rockstar,4.22,99,0.1,376.0
Soft Drinks,2,Coca-Cola,1.04,2,0.0,2.08
Soft Drinks,2,Red Bull,2.78,26,0.05,68.67
Juices,4,Rauch Multivitamin,2.31,2,0.0,4.62
Alcoholic Beverages,1,Beck's,1.47,100,0.1,132.3
Juices,4,Passion Fruit Juice,2.93,11,0.0,32.23
Water,3,Vio Wasser,1.71,10,0.0,17.1
Juices,4,Mango Juice,3.89,7,0.05,25.87
Juices,4,Rauch Multivitamin,2.38,7,0.0,16.66
Juices,4,Cranberry Juice,3.67,10,0.0,36.7
Water,3,Apollinaris,1.7,85,0.1,130.05
Juices,4,Tomato Juice,1.64,9,0.05,14.02
Soft Drinks,2,Rockstar,3.02,65,0.1,176.67
Water,3,Selters,0.46,12,0.0,5.52
Alcoholic Beverages,1,Warsteiner,1.05,3,0.0,3.15
Soft Drinks,2,Red Bull,2.35,5,0.0,11.75
Soft Drinks,2,Fanta,1.23,13,0.0,15.99
Juices,4,Tomato Juice,1.78,4,0.05,6.76
Juices,4,Rauch Multivitamin,1.63,45,0.05,69.68
Water,3,Gerolsteiner,0.45,26,0.1,10.53
Soft Drinks,2,Rockstar,2.34,10,0.0,23.4
Water,3,Selters,0.47,9,0.0,4.23
Juices,4,Hohes C Orange,1.49,61,0.05,86.35
Water,3,Volvic,0.58,11,0.0,6.38
Water,3,Volvic Touch,1.31,67,0.05,83.38
Water,3,Volvic Touch,1.46,10,0.0,14.6
Soft Drinks,2,Mezzo Mix,0.61,13,0.0,7.93
Juices,4,Cranberry Juice,3.46,3,0.0,10.38
Water,3,Selters,1.1,100,0.1,99.0
Juices,4,Mango Juice,3.12,14,0.0,43.68
Juices,4,Tomato Juice,3.43,2,0.0,6.86
Soft Drinks,2,Schwip Schwap,1.24,1,0.0,1.24
Alcoholic Beverages,1,Erdinger Weißbier,2.04,9,0.0,18.36
Alcoholic Beverages,1,Beck's,1.98,97,0.1,172.85
Water,3,Evian,1.43,17,0.05,23.09
Alcoholic Beverages,1,Augustiner,1.51,48,0.05,68.86
Juices,4,Tomato Juice,3.23,1,0.0,3.23
Alcoholic Beverages,1,Kölsch,0.93,6,0.0,5.58
Juices,4,Tomato Juice,3.23,13,0.0,41.99
Alcoholic Beverages,1,Riesling,4.32,1,0.0,4.32
Water,3,Apollinaris,0.93,9,0.0,8.37
Water,3,Vio Wasser,1.71,3,0.0,5.13
Water,3,Vittel,0.65,8,0.0,5.2
Water,3,Evian,1.31,15,0.0,19.65
Soft Drinks,2,Fritz-Kola,2.05,14,0.0,28.7
Soft Drinks,2,Schwip Schwap,1.2,5,0.0,6.0
Water,3,Evian,0.86,8,0.05,6.54
Water,3,San Pellegrino,0.89,6,0.0,5.34
Soft Drinks,2,Monster,3.21,12,0.0,38.52
Soft Drinks,2,Sprite,0.55,8,0.0,4.4
Soft Drinks,2,Mezzo Mix,0.7,27,0.05,17.95
Alcoholic Beverages,1,Jever,1.99,6,0.0,11.94
Alcoholic Beverages,1,Beck's,1.33,2,0.0,2.66
Soft Drinks,2,Schwip Schwap,0.54,6,0.05,3.08
Alcoholic Beverages,1,Warsteiner,1.49,71,0.1,95.21
Water,3,Selters,0.47,11,0.0,5.17
Soft Drinks,2,Fritz-Kola,1.99,2,0.0,3.98
Soft Drinks,2,Club Mate,1.96,24,0.1,42.34
Alcoholic Beverages,1,Krombacher,1.63,12,0.0,19.56
Water,3,Volvic Touch,1.58,81,0.1,115.18
Juices,4,Granini Apple,1.13,19,0.05,20.4
Soft Drinks,2,Mountain Dew,0.99,14,0.0,13.86
Water,3,Volvic,0.58,3,0.0,1.74
Water,3,San Pellegrino,0.89,11,0.0,9.79
Alcoholic Beverages,1,Kölsch,0.99,3,0.0,2.97
Juices,4,Rauch Multivitamin,2.14,2,0.05,4.07
Juices,4,Granini Apple,1.69,11,0.0,18.59
Water,3,Vittel,0.56,6,0.0,3.36
Soft Drinks,2,Rockstar,2.21,9,0.0,19.89
Soft Drinks,2,Fanta,1.19,15,0.0,17.85
Water,3,Apollinaris,0.99,3,0.0,2.97
Soft Drinks,2,Monster,3.31,7,0.0,23.17
Juices,4,Granini Apple,1.64,9,0.0,14.76
Water,3,Evian,1.26,4,0.0,5.04
Juices,4,Rauch Multivitamin,2.31,9,0.0,20.79
Water,3,Volvic Touch,1.46,11,0.0,16.06
Alcoholic Beverages,1,Jever,1.88,12,0.0,22.56
Soft Drinks,2,Pepsi,1.58,15,0.0,23.7
Water,3,Apollinaris,0.93,7,0.0,6.51
Soft Drinks,2,Coca-Cola,1.04,4,0.0,4.16
Juices,4,Hohes C Orange,2.76,12,0.05,31.46
Juices,4,Tomato Juice,3.33,5,0.0,16.65
Water,3,San Pellegrino,0.86,8,0.0,6.88
Alcoholic Beverages,1,Chardonnay,4.88,9,0.0,43.92
Soft Drinks,2,Mezzo Mix,0.59,2,0.0,1.18
Alcoholic Beverages,1,Kölsch,0.96,14,0.0,13.44
Alcoholic Beverages,1,Beck's,1.41,13,0.0,18.33
Juices,4,Tomato Juice,2.58,3,0.05,7.35
Juices,4,Granini Apple,1.32,46,0.05,57.68
Juices,4,Passion Fruit Juice,3.02,1,0.0,3.02
Water,3,Volvic,0.42,51,0.05,20.35
Juices,4,Tomato Juice,2.26,19,0.05,40.79
Juices,4,Mango Juice,3.12,7,0.0,21.84
Water,3,Volvic,0.68,17,0.05,10.98
Water,3,Evian,1.21,69,0.05,79.32
Juices,4,Mango Juice,2.27,66,0.05,142.33
Water,3,Vittel,0.56,9,0.0,5.04
Soft Drinks,2,Red Bull,2.35,8,0.0,18.8
Soft Drinks,2,Fanta,0.54,24,0.05,12.31
Soft Drinks,2,Fritz-Kola,2.05,9,0.0,18.45
Water,3,San Pellegrino,0.86,1,0.0,0.86
Soft Drinks,2,Monster,2.1,47,0.05,93.76
Juices,4,Granini Apple,1.69,7,0.0,11.83
Soft Drinks,2,Club Mate,1.84,20,0.1,33.12
Soft Drinks,2,Monster,3.21,10,0.0,32.1
Soft Drinks,2,Club Mate,2.26,9,0.0,20.34
Alcoholic Beverages,1,Krombacher,1.59,3,0.0,4.77
Soft Drinks,2,Mezzo Mix,0.88,5,0.05,4.18
Juices,4,Granini Apple,1.59,13,0.0,20.67
Water,3,Volvic,0.4,48,0.05,18.24
Soft Drinks,2,Club Mate,2.13,8,0.0,17.04
Water,3,Vio Wasser,1.61,2,0.0,3.22
Soft Drinks,2,Mezzo Mix,1.03,72,0.1,66.74
Water,3,Evian,1.26,14,0.0,17.64
Soft Drinks,2,Monster,1.89,29,0.05,52.07
Water,3,San Pellegrino,0.91,7,0.0,6.37
Soft Drinks,2,Mezzo Mix,0.59,9,0.0,5.31
Water,3,San Pellegrino,0.43,6,0.05,2.45
Water,3,Gerolsteiner,1.07,12,0.0,12.84
Water,3,Evian,1.01,4,0.05,3.84
Juices,4,Granini Apple,1.38,10,0.05,13.11
Soft Drinks,2,Monster,3.12,14,0.0,43.68
Alcoholic Beverages,1,Jever,1.65,75,0.05,117.56
Soft Drinks,2,Club Mate,2.19,12,0.0,26.28
Soft Drinks,2,Club Mate,2.05,31,0.05,60.37
Juices,4,Mango Juice,3.21,3,0.0,9.63
Soft Drinks,2,Club Mate,2.19,7,0.0,15.33
Water,3,Selters,1.65,71,0.05,111.29
Juices,4,Tomato Juice,3.33,9,0.0,29.97
Soft Drinks,2,Club Mate,2.34,93,0.1,195.86
Water,3,Selters,0.46,14,0.0,6.44
Juices,4,Mango Juice,3.21,7,0.0,22.47
Alcoholic Beverages,1,Augustiner,1.16,5,0.0,5.8
Water,3,Apollinaris,0.96,10,0.0,9.6
Soft Drinks,2,Sprite,0.56,7,0.0,3.92
Soft Drinks,2,Monster,3.21,14,0.0,44.94
Juices,4,Granini Apple,1.59,4,0.0,6.36
Water,3,Volvic,0.69,97,0.1,60.24
Water,3,Selters,1.46,14,0.05,19.42
Water,3,Volvic Touch,1.02,2,0.05,1.94
Juices,4,Rauch Multivitamin,2.45,5,0.0,12.25
Water,3,Vittel,0.69,41,0.1,25.46
Juices,4,Passion Fruit Juice,3.55,61,0.1,194.9
Alcoholic Beverages,1,Merlot,4.86,2,0.05,9.23
Water,3,Evian,1.31,7,0.0,9.17
Water,3,Apollinaris,0.96,13,0.0,12.48
Soft Drinks,2,Sprite,1.65,97,0.1,144.04
Alcoholic Beverages,1,Rotkäppchen Sekt,8.54,13,0.0,111.02
Juices,4,Cranberry Juice,3.67,15,0.0,55.05
Alcoholic Beverages,1,Sauvignon Blanc,10.73,17,0.05,173.29
Soft Drinks,2,Monster,3.31,3,0.0,9.93
Juices,4,Hohes C Orange,1.75,10,0.0,17.5
Water,3,Gerolsteiner,1.04,15,0.0,15.6
Juices,4,Granini Apple,1.69,4,0.0,6.76
Alcoholic Beverages,1,Jever,1.23,8,0.05,9.35
Alcoholic Beverages,1,Erdinger Weißbier,2.08,42,0.1,78.62
Water,3,Apollinaris,0.84,22,0.05,17.56
Water,3,Vittel,0.65,4,0.0,2.6
Soft Drinks,2,Rockstar,2.27,2,0.0,4.54
Alcoholic Beverages,1,Kölsch,2.46,70,0.1,154.98
Juices,4,Cranberry Juice,3.56,8,0.0,28.48
Soft Drinks,2,Pepsi,0.85,8,0.05,6.46
Soft Drinks,2,Monster,3.12,2,0.0,6.24
Water,3,Gerolsteiner,1.07,5,0.0,5.35
Juices,4,Rauch Multivitamin,2.39,64,0.1,137.66
Juices,4,Tomato Juice,3.23,7,0.0,22.61
Juices,4,Hohes C Orange,1.75,14,0.0,24.5
Juices,4,Hohes C Orange,1.86,12,0.0,22.32
Alcoholic Beverages,1,Beck's,1.33,14,0.0,18.62
Alcoholic Beverages,1,Augustiner,2.94,91,0.1,240.79
Water,3,Gerolsteiner,0.82,99,0.1,73.06
Soft Drinks,2,Red Bull,2.35,12,0.0,28.2
Water,3,Vio Wasser,1.71,14,0.0,23.94
Soft Drinks,2,Schwip Schwap,1.24,8,0.0,9.92
Alcoholic Beverages,1,Chardonnay,5.03,13,0.0,65.39
Water,3,Evian,0.76,57,0.1,38.99
Juices,4,Rauch Multivitamin,2.31,11,0.0,25.41
Water,3,Volvic Touch,0.65,50,0.05,30.88
Water,3,Selters,0.47,4,0.0,1.88
Water,3,Evian,1.23,14,0.0,17.22
Water,3,Vio Wasser,1.15,56,0.05,61.18
Soft Drinks,2,Red Bull,2.61,54,0.1,126.85
Water,3,San Pellegrino,0.86,13,0.0,11.18
Juices,4,Granini Apple,2.4,85,0.1,183.6
Juices,4,Granini Apple,1.64,5,0.0,8.2
Soft Drinks,2,Rockstar,1.74,28,0.05,46.28
Soft Drinks,2,Monster,2.49,28,0.05,66.23
Alcoholic Beverages,1,Jever,1.88,5,0.0,9.4
Alcoholic Beverages,1,Kölsch,1.05,18,0.05,17.96
Alcoholic Beverages,1,Rotkäppchen Sekt,8.54,7,0.0,59.78
Soft Drinks,2,Monster,3.21,9,0.0,28.89
Soft Drinks,2,Monster,3.31,1,0.0,3.31
Soft Drinks,2,Pepsi,0.72,2,0.05,1.37
Juices,4,Rauch Multivitamin,2.45,11,0.0,26.95
Juices,4,Mango Juice,3.31,7,0.0,23.17
Soft Drinks,2,Pepsi,1.74,4,0.0,6.96
Soft Drinks,2,Mezzo Mix,1.04,47,0.05,46.44
Water,3,Gerolsteiner,1.07,11,0.0,11.77
Juices,4,Hohes C Orange,1.65,46,0.05,72.1
Alcoholic Beverages,1,Augustiner,1.09,7,0.0,7.63
Juices,4,Granini Apple,1.64,7,0.0,11.48
Soft Drinks,2,Coca-Cola,0.61,56,0.05,32.45
Alcoholic Beverages,1,Merlot,6.99,10,0.1,62.91
Juices,4,Mango Juice,3.04,90,0.05,259.92
Juices,4,Granini Apple,1.59,1,0.0,1.59
Juices,4,Cranberry Juice,3.67,13,0.0,47.71
Juices,4,Cranberry Juice,3.56,15,0.0,53.4
Water,3,Selters,1.62,76,0.05,116.96
Alcoholic Beverages,1,Kölsch,0.96,1,0.0,0.96
Alcoholic Beverages,1,Chardonnay,4.88,7,0.0,34.16
Water,3,Vittel,0.64,11,0.0,7.04
Water,3,Apollinaris,1.14,48,0.05,51.98
Water,3,San Pellegrino,0.91,6,0.0,5.46
Alcoholic Beverages,1,Augustiner,1.12,10,0.0,11.2
Juices,4,Hohes C Orange,2.68,96,0.1,231.55
Soft Drinks,2,Fritz-Kola,2.28,38,0.05,82.31
Water,3,Vio Wasser,1.66,99,0.1,147.91
Water,3,Gerolsteiner,1.01,1,0.0,1.01
Water,3,San Pellegrino,0.82,79,0.1,58.3
Soft Drinks,2,Fritz-Kola,2.52,40,0.05,95.76
Soft Drinks,2,Monster,2.85,74,0.1,189.81
Soft Drinks,2,Sprite,0.53,15,0.0,7.95
Water,3,Volvic Touch,1.38,9,0.0,12.42
Soft Drinks,2,Schwip Schwap,1.13,93,0.1,94.58
Juices,4,Cranberry Juice,3.28,48,0.05,149.57
Juices,4,Cranberry Juice,2.66,17,0.05,42.96
Soft Drinks,2,Monster,2.82,75,0.1,190.35
Alcoholic Beverages,1,Merlot,4.35,15,0.0,65.25
Soft Drinks,2,Schwip Schwap,1.27,12,0.0,15.24
Soft Drinks,2,Mountain Dew,0.93,6,0.0,5.58
Water,3,Evian,1.24,49,0.1,54.68
Alcoholic Beverages,1,Beck's,1.33,9,0.0,11.97
Soft Drinks,2,Fanta,1.21,24,0.05,27.59
Juices,4,Mango Juice,3.12,13,0.0,40.56
Alcoholic Beverages,1,Rotkäppchen Sekt,8.54,15,0.0,128.1
Juices,4,Passion Fruit Juice,2.93,14,0.0,41.02
Water,3,Selters,0.46,7,0.0,3.22
Juices,4,Tomato Juice,3.33,15,0.0,49.95
Water,3,Volvic,0.55,1,0.0,0.55
Water,3,Evian,1.31,3,0.0,3.93
Soft Drinks,2,Pepsi,1.58,10,0.0,15.8
Juices,4,Passion Fruit Juice,3.74,51,0.1,171.67
Alcoholic Beverages,1,Warsteiner,1.08,6,0.0,6.48
Soft Drinks,2,Mountain Dew,1.24,68,0.1,75.89
Alcoholic Beverages,1,Rotkäppchen Sekt,8.54,8,0.0,68.32
Soft Drinks,2,Red Bull,2.35,4,0.0,9.4
Soft Drinks,2,Mountain Dew,1.14,84,0.1,86.18
Alcoholic Beverages,1,Krombacher,1.63,10,0.0,16.3
Water,3,Evian,0.75,71,0.1,47.92
Soft Drinks,2,Sprite,0.56,15,0.0,8.4
Water,3,Volvic,0.62,50,0.05,29.45
Alcoholic Beverages,1,Rotkäppchen Sekt,8.29,6,0.0,49.74
Alcoholic Beverages,1,Krombacher,1.06,10,0.1,9.54
Juices,4,Cranberry Juice,2.69,9,0.05,23.0
Soft Drinks,2,Monster,3.31,5,0.0,16.55
Alcoholic Beverages,1,Merlot,4.22,10,0.0,42.2
Soft Drinks,2,Mountain Dew,0.89,42,0.1,33.64
Soft Drinks,2,Mezzo Mix,0.63,14,0.0,8.82
Juices,4,Granini Apple,1.69,10,0.0,16.9
Water,3,Apollinaris,0.96,15,0.0,14.4
Juices,4,Cranberry Juice,3.22,47,0.05,143.77
Soft Drinks,2,Monster,3.12,13,0.0,40.56
Water,3,San Pellegrino,0.91,10,0.0,9.1
Juices,4,Hohes C Orange,1.75,5,0.0,8.75
Soft Drinks,2,Coca-Cola,1.07,14,0.0,14.98
Alcoholic Beverages,1,Kölsch,0.99,15,0.0,14.85
Soft Drinks,2,Monster,3.21,8,0.0,25.68
Soft Drinks,2,Red Bull,2.35,11,0.0,25.85
Alcoholic Beverages,1,Riesling,4.19,3,0.0,12.57
Soft Drinks,2,Fritz-Kola,1.91,31,0.05,56.25
Water,3,Apollinaris,0.93,2,0.0,1.86
Juices,4,Passion Fruit Juice,2.68,26,0.05,66.2
Water,3,Vio Wasser,0.83,15,0.05,11.83
Juices,4,Hohes C Orange,1.13,23,0.05,24.69
Alcoholic Beverages,1,Augustiner,3.18,23,0.05,69.48
Juices,4,Granini Apple,1.96,19,0.05,35.38
Soft Drinks,2,Monster,1.98,22,0.05,41.38
Alcoholic Beverages,1,Warsteiner,1.05,12,0.0,12.6
Juices,4,Rauch Multivitamin,2.45,13,0.0,31.85
Juices,4,Mango Juice,3.12,10,0.0,31.2
Soft Drinks,2,Fanta,1.16,4,0.0,4.64
Alcoholic Beverages,1,Beck's,0.99,45,0.05,42.32
Water,3,Selters,0.82,51,0.05,39.73
Juices,4,Cranberry Juice,4.28,39,0.05,158.57
Soft Drinks,2,Schwip Schwap,1.27,15,0.0,19.05
Alcoholic Beverages,1,Warsteiner,1.21,2,0.05,2.3
Water,3,Selters,0.49,6,0.0,2.94
Juices,4,Hohes C Orange,1.8,10,0.0,18.0
Soft Drinks,2,Coca-Cola,1.1,12,0.0,13.2
Water,3,Volvic,0.58,8,0.0,4.64
Juices,4,Passion Fruit Juice,3.02,5,0.0,15.1
Water,3,San Pellegrino,0.69,6,0.1,3.73
Soft Drinks,2,Fanta,1.23,4,0.0,4.92
Soft Drinks,2,Fanta,1.19,7,0.0,8.33
Soft Drinks,2,Coca-Cola,1.32,53,0.1,62.96
Water,3,Evian,1.31,10,0.0,13.1
Water,3,Vio Wasser,1.63,88,0.05,136.27
Juices,4,Cranberry Juice,2.82,28,0.1,71.06
Soft Drinks,2,Monster,3.21,1,0.0,3.21
Soft Drinks,2,Fritz-Kola,2.13,28,0.05,56.66
Soft Drinks,2,Fritz-Kola,2.05,11,0.0,22.55
Water,3,Volvic Touch,1.46,15,0.0,21.9
Juices,4,Passion Fruit Juice,3.97,98,0.1,350.15
Soft Drinks,2,Mezzo Mix,0.63,12,0.0,7.56
Water,3,Apollinaris,0.88,97,0.05,81.09
Soft Drinks,2,Red Bull,2.35,15,0.0,35.25
Water,3,Selters,0.46,2,0.0,0.92
Water,3,Vio Wasser,1.66,6,0.0,9.96
Alcoholic Beverages,1,Jever,1.99,5,0.0,9.95
Soft Drinks,2,Rockstar,2.34,6,0.0,14.04
Juices,4,Rauch Multivitamin,2.31,13,0.0,30.03
Alcoholic Beverages,1,Kölsch,1.4,5,0.05,6.65
Alcoholic Beverages,1,Kölsch,0.93,7,0.0,6.51
Juices,4,Passion Fruit Juice,3.24,6,0.05,18.47
Water,3,Volvic,0.55,11,0.0,6.05
Juices,4,Hohes C Orange,2.36,35,0.1,74.34
Water,3,Apollinaris,0.96,3,0.0,2.88
Juices,4,Rauch Multivitamin,2.07,23,0.05,45.23
Alcoholic Beverages,1,Riesling,4.32,15,0.0,64.8
Alcoholic Beverages,1,Krombacher,1.32,5,0.1,5.94
Alcoholic Beverages,1,Erdinger Weißbier,2.24,14,0.0,31.36
Water,3,Vittel,0.73,60,0.1,39.42
Juices,4,Rauch Multivitamin,2.38,12,0.0,28.56
Juices,4,Hohes C Orange,1.86,8,0.0,14.88
Water,3,Volvic,0.79,62,0.1,44.08
Alcoholic Beverages,1,Sauvignon Blanc,8.83,7,0.0,61.81
Water,3,San Pellegrino,0.89,13,0.0,11.57
Soft Drinks,2,Red Bull,2.22,6,0.0,13.32
Juices,4,Mango Juice,2.54,19,0.1,43.43
Alcoholic Beverages,1,Chardonnay,4.74,12,0.0,56.88
Water,3,Apollinaris,0.93,13,0.0,12.09
Alcoholic Beverages,1,Riesling,10.07,14,0.1,126.88
Soft Drinks,2,Schwip Schwap,1.24,15,0.0,18.6
Water,3,Volvic,0.55,13,0.0,7.15
Alcoholic Beverages,1,Krombacher,1.31,1,0.05,1.24
Soft Drinks,2,Mountain Dew,0.99,9,0.0,8.91
Juices,4,Hohes C Orange,1.75,2,0.0,3.5
Juices,4,Tomato Juice,3.43,9,0.0,30.87
Water,3,Volvic,1.11,96,0.1,95.9
Juices,4,Cranberry Juice,3.46,10,0.0,34.6
Water,3,Gerolsteiner,0.62,73,0.1,40.73
Soft Drinks,2,Mountain Dew,0.99,6,0.0,5.94
Water,3,Selters,0.47,10,0.0,4.7
Soft Drinks,2,Fanta,1.59,83,0.1,118.77
Alcoholic Beverages,1,Sauvignon Blanc,8.83,10,0.0,88.3
Water,3,Gerolsteiner,0.74,7,0.05,4.92
Soft Drinks,2,Mountain Dew,0.96,4,0.0,3.84
Juices,4,Mango Juice,3.12,9,0.0,28.08
Soft Drinks,2,Schwip Schwap,1.27,8,0.0,10.16
Soft Drinks,2,Rockstar,3.11,95,0.1,265.9
Water,3,Evian,1.26,9,0.0,11.34
Juices,4,Cranberry Juice,2.71,45,0.05,115.85
Alcoholic Beverages,1,Krombacher,1.59,15,0.0,23.85
Soft Drinks,2,Pepsi,1.74,8,0.0,13.92
Water,3,Gerolsteiner,1.01,9,0.0,9.09
Alcoholic Beverages,1,Warsteiner,1.08,15,0.0,16.2
Juices,4,Cranberry Juice,3.56,14,0.0,49.84
Water,3,Vio Wasser,1.47,14,0.05,19.55
Water,3,Volvic Touch,1.38,7,0.0,9.66
Water,3,Selters,0.73,21,0.05,14.56
Water,3,San Pellegrino,1.01,77,0.1,69.99
Soft Drinks,2,Monster,3.31,14,0.0,46.34
Soft Drinks,2,Pepsi,1.64,11,0.0,18.04
Soft Drinks,2,Pepsi,0.62,13,0.05,7.66
Alcoholic Beverages,1,Merlot,4.35,14,0.0,60.9
Water,3,Selters,0.98,51,0.1,44.98
Soft Drinks,2,Club Mate,2.13,2,0.0,4.26
Juices,4,Rauch Multivitamin,2.45,14,0.0,34.3
Juices,4,Granini Apple,1.56,22,0.05,32.6
Alcoholic Beverages,1,Krombacher,1.54,10,0.0,15.4
Soft Drinks,2,Monster,3.12,7,0.0,21.84
Soft Drinks,2,Schwip Schwap,1.2,3,0.0,3.6
Juices,4,Tomato Juice,3.43,4,0.0,13.72
Water,3,Volvic Touch,0.98,25,0.1,22.05
Soft Drinks,2,Fanta,1.23,1,0.0,1.23
Soft Drinks,2,Mountain Dew,0.99,13,0.0,12.87
Soft Drinks,2,Rockstar,2.34,12,0.0,28.08
Water,3,Evian,0.89,28,0.05,23.67
Water,3,Evian,1.97,79,0.1,140.07
Alcoholic Beverages,1,Erdinger Weißbier,2.04,11,0.0,22.44
Soft Drinks,2,Mezzo Mix,0.59,7,0.0,4.13
Juices,4,Cranberry Juice,2.85,23,0.05,62.27
Alcoholic Beverages,1,Riesling,4.32,7,0.0,30.24
Juices,4,Rauch Multivitamin,2.31,3,0.0,6.93
Alcoholic Beverages,1,Jever,1.05,52,0.05,51.87
Water,3,Volvic Touch,0.79,24,0.05,18.01
Juices,4,Hohes C Orange,1.86,5,0.0,9.3
Alcoholic Beverages,1,Rotkäppchen Sekt,8.05,13,0.0,104.65
Soft Drinks,2,Sprite,0.53,4,0.0,2.12
Juices,4,Tomato Juice,2.98,48,0.1,128.74
Soft Drinks,2,Sprite,0.56,11,0.0,6.16
Juices,4,Granini Apple,1.59,10,0.0,15.9
Juices,4,Mango Juice,2.48,6,0.05,14.14
Alcoholic Beverages,1,Riesling,4.07,11,0.0,44.77
Juices,4,Mango Juice,2.32,13,0.05,28.65
Juices,4,Passion Fruit Juice,4.22,97,0.1,368.41
Soft Drinks,2,Fanta,0.92,31,0.1,25.67
Water,3,Vio Wasser,0.6,45,0.05,25.65
Juices,4,Passion Fruit Juice,3.79,69,0.1,235.36
Juices,4,Cranberry Juice,2.58,11,0.05,26.96
Soft Drinks,2,Rockstar,2.44,14,0.05,32.45
Alcoholic Beverages,1,Augustiner,1.39,11,0.1,13.76
Juices,4,Mango Juice,3.21,8,0.0,25.68
Water,3,Gerolsteiner,1.01,36,0.05,34.54
Soft Drinks,2,Club Mate,2.21,28,0.05,58.79
Juices,4,Hohes C Orange,1.75,6,0.0,10.5
Juices,4,Cranberry Juice,3.46,5,0.0,17.3
Water,3,Volvic,0.52,49,0.1,22.93
Juices,4,Passion Fruit Juice,3.11,15,0.0,46.65
Soft Drinks,2,Pepsi,1.14,94,0.05,101.8
Water,3,Selters,0.49,2,0.0,0.98
Alcoholic Beverages,1,Rotkäppchen Sekt,8.05,14,0.0,112.7
Soft Drinks,2,Sprite,0.56,8,0.0,4.48
Juices,4,Passion Fruit Juice,2.16,10,0.05,20.52
Soft Drinks,2,Mezzo Mix,1.22,23,0.05,26.66
Soft Drinks,2,Fritz-Kola,1.99,13,0.0,25.87
Alcoholic Beverages,1,Krombacher,1.59,9,0.0,14.31
Water,3,Vio Wasser,1.66,3,0.0,4.98
Soft Drinks,2,Fanta,1.23,9,0.0,11.07
Juices,4,Rauch Multivitamin,2.31,5,0.0,11.55
Juices,4,Granini Apple,1.69,2,0.0,3.38
Water,3,Volvic Touch,1.56,74,0.1,103.9
Soft Drinks,2,Rockstar,2.26,4,0.05,8.59
Water,3,San Pellegrino,0.91,8,0.0,7.28
Soft Drinks,2,Mezzo Mix,1.29,25,0.05,30.64
Juices,4,Cranberry Juice,2.34,22,0.05,48.91
Alcoholic Beverages,1,Erdinger Weißbier,2.11,8,0.0,16.88
Water,3,Evian,0.92,73,0.05,63.8
Alcoholic Beverages,1,Beck's,1.04,3,0.05,2.96
Water,3,Vittel,0.33,56,0.05,17.56
Water,3,Volvic Touch,1.42,9,0.0,12.78
Juices,4,Passion Fruit Juice,3.11,9,0.0,27.99
Alcoholic Beverages,1,Jever,1.5,55,0.1,74.25
Juices,4,Passion Fruit Juice,3.5,26,0.05,86.45
Alcoholic Beverages,1,Rotkäppchen Sekt,8.29,8,0.0,66.32
Soft Drinks,2,Mezzo Mix,0.61,6,0.0,3.66
Water,3,Volvic Touch,1.42,6,0.0,8.52
Juices,4,Cranberry Juice,3.67,2,0.0,7.34
Alcoholic Beverages,1,Sauvignon Blanc,9.09,6,0.0,54.54
Soft Drinks,2,Red Bull,2.22,3,0.0,6.66
Water,3,Evian,1.23,9,0.0,11.07
Juices,4,Cranberry Juice,3.67,3,0.0,11.01
Juices,4,Hohes C Orange,1.4,9,0.1,11.34
Juices,4,Mango Juice,2.18,50,0.05,103.55
Water,3,Vittel,0.59,10,0.0,5.9
Juices,4,Passion Fruit Juice,3.69,54,0.1,179.33
Alcoholic Beverages,1,Warsteiner,1.65,64,0.1,95.04
Alcoholic Beverages,1,Merlot,4.48,3,0.0,13.44
Alcoholic Beverages,1,Beck's,1.89,33,0.1,56.13
Juices,4,Rauch Multivitamin,2.45,9,0.0,22.05
Juices,4,Hohes C Orange,1.8,5,0.0,9.0
Water,3,Volvic,0.55,4,0.0,2.2
Soft Drinks,2,Club Mate,2.11,19,0.1,36.08
Alcoholic Beverages,1,Jever,1.99,10,0.0,19.9
Soft Drinks,2,Rockstar,2.34,14,0.0,32.76
Water,3,Volvic,0.58,12,0.0,6.96
Juices,4,Cranberry Juice,3.27,85,0.1,250.16
Juices,4,Passion Fruit Juice,3.11,12,0.0,37.32
Water,3,Vio Wasser,1.71,15,0.0,25.65
Water,3,Gerolsteiner,1.04,1,0.0,1.04
Water,3,Gerolsteiner,1.07,10,0.0,10.7
Juices,4,Passion Fruit Juice,2.56,19,0.1,43.78
Juices,4,Rauch Multivitamin,2.31,15,0.0,34.65
Juices,4,Granini Apple,1.93,89,0.1,154.59
Juices,4,Mango Juice,3.21,1,0.0,3.21
Soft Drinks,2,Red Bull,3.31,84,0.05,264.14
Alcoholic Beverages,1,Riesling,6.08,26,0.05,150.18
Soft Drinks,2,Coca-Cola,1.21,4,0.0,4.84
Alcoholic Beverages,1,Warsteiner,1.02,9,0.0,9.18
Water,3,San Pellegrino,0.86,4,0.0,3.44
Juices,4,Rauch Multivitamin,2.38,5,0.0,11.9
Juices,4,Mango Juice,2.81,3,0.05,8.01
Juices,4,Mango Juice,3.31,3,0.0,9.93
Water,3,Vio Wasser,1.56,61,0.05,90.4
Water,3,Selters,1.09,10,0.05,10.36
Alcoholic Beverages,1,Chardonnay,10.86,65,0.1,635.31
Alcoholic Beverages,1,Kölsch,0.96,3,0.0,2.88
Alcoholic Beverages,1,Warsteiner,1.05,6,0.0,6.3
Juices,4,Rauch Multivitamin,2.91,1,0.05,2.76
Alcoholic Beverages,1,Beck's,1.24,4,0.05,4.71
Soft Drinks,2,Sprite,0.55,2,0.0,1.1
Water,3,Evian,1.26,13,0.0,16.38
Alcoholic Beverages,1,Beck's,1.51,4,0.0,6.04
Soft Drinks,2,Fanta,1.23,11,0.0,13.53
Juices,4,Granini Apple,1.1,12,0.05,12.54
Water,3,Evian,0.79,52,0.1,36.97
Soft Drinks,2,Fanta,1.04,29,0.05,28.65
Water,3,San Pellegrino,0.86,3,0.0,2.58
Soft Drinks,2,Fritz-Kola,1.99,9,0.0,17.91
Soft Drinks,2,Club Mate,2.19,10,0.0,21.9
Soft Drinks,2,Rockstar,1.81,63,0.1,102.63
Juices,4,Granini Apple,1.59,11,0.0,17.49
Juices,4,Tomato Juice,3.43,8,0.0,27.44
Alcoholic Beverages,1,Jever,1.94,9,0.0,17.46
Juices,4,Mango Juice,3.21,14,0.0,44.94
Soft Drinks,2,Club Mate,2.02,49,0.05,94.03
Soft Drinks,2,Club Mate,2.13,10,0.0,21.3
Juices,4,Passion Fruit Juice,3.02,9,0.0,27.18
Juices,4,Rauch Multivitamin,2.38,4,0.0,9.52
Water,3,San Pellegrino,0.7,40,0.05,26.6
Soft Drinks,2,Mezzo Mix,0.63,13,0.0,8.19
Alcoholic Beverages,1,Augustiner,1.09,9,0.0,9.81
Soft Drinks,2,Sprite,0.56,13,0.0,7.28
Water,3,Gerolsteiner,0.61,66,0.1,36.23
Water,3,Volvic,0.58,4,0.0,2.32
Juices,4,Granini Apple,1.64,10,0.0,16.4
Alcoholic Beverages,1,Chardonnay,5.03,11,0.0,55.33
Soft Drinks,2,Schwip Schwap,1.08,63,0.05,64.64
Juices,4,Passion Fruit Juice,2.61,65,0.1,152.68
Water,3,Vio Wasser,1.57,65,0.1,91.84
Soft Drinks,2,Fritz-Kola,2.12,2,0.0,4.24
Alcoholic Beverages,1,Jever,1.43,84,0.1,108.11
Water,3,Volvic Touch,1.46,4,0.0,5.84
Soft Drinks,2,Fritz-Kola,2.05,2,0.0,4.1
Juices,4,Hohes C Orange,1.75,1,0.0,1.75
Soft Drinks,2,Mountain Dew,0.93,3,0.0,2.79
Alcoholic Beverages,1,Rotkäppchen Sekt,3.47,16,0.1,49.97
Water,3,Evian,1.33,36,0.1,43.09
Juices,4,Cranberry Juice,3.56,11,0.0,39.16
Alcoholic Beverages,1,Beck's,1.46,6,0.0,8.76
Soft Drinks,2,Schwip Schwap,1.29,21,0.05,25.74
Alcoholic Beverages,1,Krombacher,1.63,1,0.0,1.63
Alcoholic Beverages,1,Riesling,4.32,11,0.0,47.52
Soft Drinks,2,Red Bull,2.22,2,0.0,4.44
Soft Drinks,2,Pepsi,0.74,15,0.1,9.99
Water,3,Evian,0.79,14,0.05,10.51
Alcoholic Beverages,1,Jever,1.88,7,0.0,13.16
Alcoholic Beverages,1,Warsteiner,1.05,2,0.0,2.1
Water,3,Vio Wasser,0.54,42,0.05,21.55
Water,3,Evian,1.31,9,0.0,11.79
Juices,4,Granini Apple,1.64,2,0.0,3.28
Alcoholic Beverages,1,Warsteiner,1.32,2,0.05,2.51
Soft Drinks,2,Pepsi,1.46,17,0.05,23.58
Soft Drinks,2,Rockstar,2.43,13,0.05,30.01
Water,3,Vittel,0.54,17,0.05,8.72
Soft Drinks,2,Sprite,1.53,14,0.05,20.35
Alcoholic Beverages,1,Augustiner,1.12,7,0.0,7.84
Soft Drinks,2,Fanta,1.16,14,0.0,16.24
Juices,4,Rauch Multivitamin,2.45,10,0.0,24.5
Water,3,Vittel,0.38,34,0.05,12.27
Alcoholic Beverages,1,Erdinger Weißbier,2.11,2,0.0,4.22
Water,3,Selters,0.47,5,0.0,2.35
Soft Drinks,2,Sprite,0.98,85,0.1,74.97
Soft Drinks,2,Pepsi,1.58,1,0.0,1.58
Alcoholic Beverages,1,Riesling,4.07,14,0.0,56.98
Soft Drinks,2,Rockstar,2.27,58,0.1,118.49
Soft Drinks,2,Rockstar,2.34,7,0.0,16.38
Soft Drinks,2,Club Mate,1.9,17,0.1,29.07
Alcoholic Beverages,1,Erdinger Weißbier,2.24,5,0.0,11.2
Juices,4,Tomato Juice,3.77,86,0.1,291.8
Juices,4,Tomato Juice,2.77,32,0.1,79.78
Water,3,Vittel,0.68,63,0.05,40.7
Soft Drinks,2,Mezzo Mix,0.63,4,0.0,2.52
Alcoholic Beverages,1,Erdinger Weißbier,1.92,7,0.0,13.44
Juices,4,Granini Apple,1.72,58,0.1,89.78
Juices,4,Passion Fruit Juice,2.93,12,0.0,35.16
Juices,4,Granini Apple,1.9,69,0.1,117.99
Juices,4,Granini Apple,1.69,13,0.0,21.97
Juices,4,Hohes C Orange,1.37,44,0.1,54.25
Juices,4,Granini Apple,2.17,48,0.05,98.95
Water,3,San Pellegrino,0.86,15,0.0,12.9
Water,3,Volvic,1.1,77,0.1,76.23
Soft Drinks,2,Schwip Schwap,1.27,11,0.0,13.97
Juices,4,Tomato Juice,2.94,2,0.1,5.29
Juices,4,Granini Apple,1.22,84,0.1,92.23
Juices,4,Cranberry Juice,3.43,43,0.05,140.12
Alcoholic Beverages,1,Krombacher,1.63,13,0.0,21.19
Water,3,Selters,1.69,93,0.1,141.45
Water,3,Apollinaris,0.99,15,0.0,14.85
Alcoholic Beverages,1,Krombacher,1.63,8,0.0,13.04
Water,3,Selters,0.47,15,0.0,7.05
Water,3,Evian,1.18,41,0.05,45.96
Water,3,Evian,0.69,16,0.05,10.49
Soft Drinks,2,Monster,3.21,7,0.0,22.47
Alcoholic Beverages,1,Beck's,1.33,3,0.0,3.99
Soft Drinks,2,Fritz-Kola,2.58,63,0.1,146.29
Water,3,Selters,1.11,88,0.1,87.91
Water,3,Gerolsteiner,1.01,11,0.0,11.11
Alcoholic Beverages,1,Beck's,1.33,10,0.0,13.3
Water,3,Selters,0.46,11,0.0,5.06
Water,3,Selters,0.64,39,0.1,22.46
Alcoholic Beverages,1,Merlot,4.35,2,0.0,8.7
Water,3,San Pellegrino,0.89,4,0.0,3.56
Water,3,Vio Wasser,1.66,2,0.0,3.32
Water,3,Vio Wasser,1.71,5,0.0,8.55
Juices,4,Tomato Juice,3.88,28,0.1,97.78
Juices,4,Passion Fruit Juice,3.11,3,0.0,9.33
Soft Drinks,2,Sprite,0.55,3,0.0,1.65
Soft Drinks,2,Sprite,0.53,5,0.0,2.65
Water,3,Vittel,0.62,4,0.0,2.48
Alcoholic Beverages,1,Augustiner,1.12,3,0.0,3.36
Soft Drinks,2,Fanta,1.23,8,0.0,9.84
Alcoholic Beverages,1,Rotkäppchen Sekt,8.29,9,0.0,74.61
Soft Drinks,2,Coca-Cola,0.95,25,0.05,22.56
Soft Drinks,2,Monster,3.31,20,0.05,62.89
Alcoholic Beverages,1,Beck's,2.12,51,0.05,102.71
Juices,4,Rauch Multivitamin,1.93,14,0.05,25.67
Soft Drinks,2,Schwip Schwap,1.24,5,0.0,6.2
Soft Drinks,2,Sprite,0.53,3,0.0,1.59
Alcoholic Beverages,1,Riesling,4.32,14,0.0,60.48
Alcoholic Beverages,1,Merlot,4.35,3,0.0,13.05
Water,3,San Pellegrino,0.91,12,0.0,10.92
Alcoholic Beverages,1,Merlot,4.22,15,0.0,63.3
Water,3,Vio Wasser,1.58,34,0.05,51.03
Water,3,Volvic,0.58,15,0.0,8.7
Water,3,Selters,0.49,4,0.0,1.96
Juices,4,Cranberry Juice,3.46,1,0.0,3.46
Water,3,Apollinaris,0.76,43,0.05,31.05
Soft Drinks,2,Coca-Cola,1.21,3,0.0,3.63
Alcoholic Beverages,1,Chardonnay,5.03,12,0.0,60.36
Soft Drinks,2,Mountain Dew,0.78,99,0.1,69.5
Water,3,Volvic,0.58,14,0.0,8.12
Water,3,San Pellegrino,1.0,98,0.1,88.2
Water,3,Volvic Touch,1.35,48,0.05,61.56
Soft Drinks,2,Coca-Cola,1.04,1,0.0,1.04
Soft Drinks,2,Monster,2.88,48,0.1,124.42
Water,3,Apollinaris,0.99,10,0.0,9.9
Alcoholic Beverages,1,Beck's,1.51,13,0.0,19.63
Juices,4,Cranberry Juice,3.56,1,0.0,3.56
Alcoholic Beverages,1,Kölsch,0.96,9,0.0,8.64
Juices,4,Tomato Juice,3.06,62,0.05,180.23
Soft Drinks,2,Sprite,1.26,50,0.05,59.85
Water,3,Vittel,0.62,8,0.0,4.96
Juices,4,Hohes C Orange,1.86,6,0.0,11.16
Water,3,Vittel,0.59,9,0.0,5.31
Soft Drinks,2,Club Mate,1.66,7,0.05,11.04
Alcoholic Beverages,1,Beck's,1.37,2,0.0,2.74
Alcoholic Beverages,1,Beck's,1.41,2,0.0,2.82
Water,3,Volvic Touch,1.46,12,0.0,17.52
Soft Drinks,2,Pepsi,1.03,87,0.05,85.13
Juices,4,Rauch Multivitamin,2.8,50,0.1,126.0
Water,3,Vio Wasser,1.61,10,0.0,16.1
Soft Drinks,2,Coca-Cola,1.18,8,0.0,9.44
Soft Drinks,2,Rockstar,2.21,2,0.0,4.42
Water,3,Vittel,0.59,14,0.0,8.26
Juices,4,Rauch Multivitamin,3.04,14,0.05,40.43
Alcoholic Beverages,1,Rotkäppchen Sekt,8.05,7,0.0,56.35
Alcoholic Beverages,1,Chardonnay,4.88,13,0.0,63.44
Water,3,Vio Wasser,1.71,12,0.0,20.52
Water,3,San Pellegrino,0.89,2,0.0,1.78
Alcoholic Beverages,1,Augustiner,1.09,15,0.0,16.35
Water,3,Vio Wasser,1.61,15,0.0,24.15
Alcoholic Beverages,1,Krombacher,1.63,2,0.0,3.26
Soft Drinks,2,Fanta,1.19,8,0.0,9.52
Water,3,Evian,1.31,8,0.0,10.48
Soft Drinks,2,Fritz-Kola,1.99,1,0.0,1.99
Alcoholic Beverages,1,Kölsch,0.93,1,0.0,0.93
Water,3,Vio Wasser,1.71,4,0.0,6.84
Water,3,Gerolsteiner,0.59,65,0.05,36.43
Alcoholic Beverages,1,Jever,1.94,13,0.0,25.22
Juices,4,Passion Fruit Juice,3.8,2,0.05,7.22
Soft Drinks,2,Rockstar,2.61,28,0.05,69.43
Juices,4,Granini Apple,1.77,80,0.1,127.44
Soft Drinks,2,Red Bull,2.75,72,0.05,188.1
Soft Drinks,2,Coca-Cola,1.1,6,0.0,6.6
Water,3,Gerolsteiner,0.68,6,0.05,3.88
Alcoholic Beverages,1,Erdinger Weißbier,2.04,8,0.0,16.32
Water,3,Vittel,0.62,14,0.0,8.68
Soft Drinks,2,Fritz-Kola,1.83,22,0.05,38.25
Water,3,Vittel,0.53,72,0.1,34.34
Juices,4,Mango Juice,3.12,4,0.0,12.48
Water,3,Evian,1.23,5,0.0,6.15
Soft Drinks,2,Pepsi,1.58,5,0.0,7.9
Alcoholic Beverages,1,Augustiner,1.16,1,0.0,1.16
Soft Drinks,2,Sprite,0.55,5,0.0,2.75
Juices,4,Mango Juice,2.52,67,0.05,160.4
Alcoholic Beverages,1,Jever,1.88,13,0.0,24.44
Water,3,Vittel,0.64,6,0.0,3.84
Juices,4,Cranberry Juice,3.67,5,0.0,18.35
Water,3,San Pellegrino,0.8,1,0.05,0.76
Water,3,Evian,1.72,3,0.05,4.9
Water,3,Evian,1.26,1,0.0,1.26
Alcoholic Beverages,1,Augustiner,1.16,8,0.0,9.28
Alcoholic Beverages,1,Kölsch,0.96,13,0.0,12.48
Water,3,Vittel,0.59,8,0.0,4.72
Soft Drinks,2,Schwip Schwap,0.87,1,0.05,0.83
Soft Drinks,2,Sprite,1.54,47,0.1,65.14
Juices,4,Tomato Juice,3.33,3,0.0,9.99
Juices,4,Hohes C Orange,1.8,2,0.0,3.6
Soft Drinks,2,Mezzo Mix,0.63,8,0.0,5.04
Soft Drinks,2,Schwip Schwap,1.08,96,0.1,93.31
Water,3,Vittel,0.68,15,0.05,9.69
Soft Drinks,2,Pepsi,0.71,69,0.05,46.54
Water,3,Volvic,0.55,15,0.0,8.25
Alcoholic Beverages,1,Warsteiner,1.13,4,0.05,4.29
Juices,4,Cranberry Juice,2.75,31,0.05,80.99
Water,3,San Pellegrino,0.89,8,0.0,7.12
Juices,4,Cranberry Juice,3.56,4,0.0,14.24
Juices,4,Tomato Juice,3.23,14,0.0,45.22
Juices,4,Cranberry Juice,2.21,21,0.05,44.09
Alcoholic Beverages,1,Erdinger Weißbier,1.15,50,0.05,54.62
Juices,4,Cranberry Juice,3.46,7,0.0,24.22
Soft Drinks,2,Mountain Dew,0.96,10,0.0,9.6
Soft Drinks,2,Schwip Schwap,1.2,12,0.0,14.4
Soft Drinks,2,Schwip Schwap,0.94,47,0.1,39.76
Juices,4,Hohes C Orange,1.8,6,0.0,10.8
Water,3,Gerolsteiner,0.94,62,0.1,52.45
Water,3,Vio Wasser,1.17,60,0.05,66.69
Soft Drinks,2,Fanta,1.16,10,0.0,11.6
Soft Drinks,2,Rockstar,2.74,100,0.1,246.6
Juices,4,Cranberry Juice,2.98,15,0.1,40.23
Juices,4,Mango Juice,3.12,1,0.0,3.12
Alcoholic Beverages,1,Sauvignon Blanc,9.09,10,0.0,90.9
Alcoholic Beverages,1,Erdinger Weißbier,2.11,13,0.0,27.43
Soft Drinks,2,Rockstar,2.21,3,0.0,6.63
Soft Drinks,2,Schwip Schwap,1.0,73,0.1,65.7
Water,3,Vittel,0.58,4,0.0,2.32
Soft Drinks,2,Monster,3.21,11,0.0,35.31
Alcoholic Beverages,1,Sauvignon Blanc,8.83,8,0.0,70.64
Water,3,Apollinaris,0.35,56,0.1,17.64
Juices,4,Mango Juice,2.26,34,0.05,73.0
Soft Drinks,2,Monster,2.51,19,0.1,42.92
Alcoholic Beverages,1,Riesling,4.19,2,0.0,8.38
Juices,4,Cranberry Juice,3.67,9,0.0,33.03
Soft Drinks,2,Fritz-Kola,1.99,10,0.0,19.9
Juices,4,Cranberry Juice,2.53,36,0.05,86.53
Soft Drinks,2,Red Bull,2.35,3,0.0,7.05
Alcoholic Beverages,1,Merlot,4.35,7,0.0,30.45
Soft Drinks,2,Rockstar,2.27,11,0.0,24.97
Soft Drinks,2,Monster,2.28,11,0.05,23.83
Soft Drinks,2,Coca-Cola,0.68,31,0.05,20.03
Alcoholic Beverages,1,Beck's,1.58,22,0.05,33.02
Juices,4,Hohes C Orange,2.07,57,0.1,106.19
Water,3,Volvic Touch,1.42,8,0.0,11.36
Juices,4,Granini Apple,1.69,6,0.0,10.14
Juices,4,Granini Apple,1.59,2,0.0,3.18
Alcoholic Beverages,1,Beck's,1.51,2,0.0,3.02
Soft Drinks,2,Sprite,0.53,14,0.0,7.42
Soft Drinks,2,Club Mate,2.78,85,0.1,212.67
Alcoholic Beverages,1,Erdinger Weißbier,2.18,1,0.0,2.18
Water,3,Gerolsteiner,1.01,2,0.0,2.02
Water,3,Selters,0.49,3,0.0,1.47
Juices,4,Hohes C Orange,1.54,18,0.05,26.33
Alcoholic Beverages,1,Kölsch,1.12,55,0.1,55.44
Soft Drinks,2,Club Mate,2.13,9,0.0,19.17
Alcoholic Beverages,1,Warsteiner,1.05,14,0.0,14.7
Alcoholic Beverages,1,Erdinger Weißbier,1.2,18,0.05,20.52
Juices,4,Mango Juice,3.31,10,0.0,33.1
Alcoholic Beverages,1,Beck's,1.5,90,0.1,121.5
Juices,4,Cranberry Juice,3.47,34,0.1,106.18
Alcoholic Beverages,1,Erdinger Weißbier,3.42,26,0.1,80.03
Soft Drinks,2,Monster,3.31,10,0.0,33.1
Soft Drinks,2,Mezzo Mix,0.61,15,0.0,9.15
Soft Drinks,2,Schwip Schwap,1.01,11,0.05,10.55
Water,3,Apollinaris,0.96,14,0.0,13.44
Juices,4,Rauch Multivitamin,2.38,1,0.0,2.38
Soft Drinks,2,Pepsi,0.61,15,0.05,8.69
Soft Drinks,2,Monster,3.12,5,0.0,15.6
Water,3,Vittel,0.64,3,0.0,1.92
Juices,4,Passion Fruit Juice,3.02,13,0.0,39.26
Soft Drinks,2,Red Bull,4.06,87,0.1,317.9
Water,3,Volvic Touch,1.46,13,0.0,18.98
Juices,4,Mango Juice,3.6,59,0.1,191.16
Water,3,Evian,1.05,59,0.1,55.76
Alcoholic Beverages,1,Erdinger Weißbier,2.14,36,0.05,73.19
Soft Drinks,2,Mountain Dew,1.28,59,0.1,67.97
Juices,4,Granini Apple,2.46,26,0.05,60.76
Soft Drinks,2,Pepsi,1.22,53,0.05,61.43
Water,3,Vio Wasser,1.04,25,0.05,24.7
Soft Drinks,2,Mezzo Mix,0.59,13,0.0,7.67
Soft Drinks,2,Club Mate,2.04,45,0.05,87.21
Soft Drinks,2,Sprite,0.65,22,0.05,13.58
Water,3,Volvic,0.82,44,0.05,34.28
Alcoholic Beverages,1,Chardonnay,4.74,15,0.0,71.1
Juices,4,Tomato Juice,2.61,45,0.05,111.58
Soft Drinks,2,Fritz-Kola,1.99,12,0.0,23.88
Juices,4,Granini Apple,1.69,12,0.0,20.28
Juices,4,Granini Apple,1.59,5,0.0,7.95
Soft Drinks,2,Sprite,0.53,10,0.0,5.3
Water,3,Vittel,0.65,1,0.0,0.65
Juices,4,Tomato Juice,3.33,13,0.0,43.29
Alcoholic Beverages,1,Beck's,1.41,10,0.0,14.1
Juices,4,Tomato Juice,3.43,10,0.0,34.3
Alcoholic Beverages,1,Erdinger Weißbier,2.24,15,0.0,33.6
Soft Drinks,2,Schwip Schwap,1.24,11,0.0,13.64
Juices,4,Cranberry Juice,3.7,97,0.1,323.01
Soft Drinks,2,Red Bull,2.35,2,0.0,4.7
Alcoholic Beverages,1,Jever,1.94,8,0.0,15.52
Soft Drinks,2,Fanta,1.16,8,0.0,9.28
Alcoholic Beverages,1,Rotkäppchen Sekt,8.54,11,0.0,93.94
Water,3,Apollinaris,0.73,8,0.05,5.55
Juices,4,Passion Fruit Juice,3.34,86,0.05,272.88
Soft Drinks,2,Coca-Cola,1.21,6,0.0,7.26
Juices,4,Hohes C Orange,1.98,48,0.1,85.54
Juices,4,Mango Juice,2.49,32,0.1,71.71
Water,3,Apollinaris,0.99,1,0.0,0.99
Water,3,San Pellegrino,0.86,5,0.0,4.3
Soft Drinks,2,Club Mate,2.19,6,0.0,13.14
Water,3,Volvic Touch,1.46,3,0.0,4.38
Juices,4,Mango Juice,3.31,11,0.0,36.41
Juices,4,Mango Juice,2.66,1,0.05,2.53
Soft Drinks,2,Red Bull,3.44,75,0.1,232.2
Soft Drinks,2,Sprite,0.56,41,0.1,20.66
Soft Drinks,2,Club Mate,2.19,2,0.0,4.38
Alcoholic Beverages,1,Kölsch,0.99,13,0.0,12.87
Soft Drinks,2,Mountain Dew,0.93,1,0.0,0.93
Juices,4,Passion Fruit Juice,3.02,14,0.0,42.28
Soft Drinks,2,Fanta,1.23,3,0.0,3.69
Juices,4,Hohes C Orange,1.86,4,0.0,7.44
Alcoholic Beverages,1,Rotkäppchen Sekt,4.04,85,0.05,326.23
Alcoholic Beverages,1,Augustiner,1.12,6,0.0,6.72
Juices,4,Passion Fruit Juice,3.11,6,0.0,18.66
Alcoholic Beverages,1,Merlot,4.35,8,0.0,34.8
Alcoholic Beverages,1,Sauvignon Blanc,6.97,10,0.05,66.22
Juices,4,Mango Juice,3.12,2,0.0,6.24
Soft Drinks,2,Fanta,1.23,2,0.0,2.46
Soft Drinks,2,Sprite,0.55,6,0.0,3.3
Alcoholic Beverages,1,Jever,2.26,78,0.1,158.65
Soft Drinks,2,Fritz-Kola,2.05,8,0.0,16.4
Juices,4,Passion Fruit Juice,2.27,49,0.05,105.67
Juices,4,Passion Fruit Juice,2.93,3,0.0,8.79
Juices,4,Granini Apple,1.66,50,0.05,78.85
Water,3,Vittel,0.53,31,0.05,15.61
Water,3,Vittel,0.58,15,0.0,8.7
Juices,4,Passion Fruit Juice,3.11,14,0.0,43.54
Water,3,Vio Wasser,1.99,53,0.1,94.92
Water,3,Volvic,0.57,11,0.0,6.27
Juices,4,Hohes C Orange,2.48,100,0.1,223.2
Water,3,Vio Wasser,1.91,77,0.1,132.36
Alcoholic Beverages,1,Krombacher,1.76,58,0.1,91.87
Soft Drinks,2,Red Bull,2.28,1,0.0,2.28
Juices,4,Hohes C Orange,1.75,15,0.0,26.25
Soft Drinks,2,Coca-Cola,1.21,8,0.0,9.68
Water,3,Vio Wasser,2.03,38,0.05,73.28
Soft Drinks,2,Coca-Cola,0.78,31,0.05,22.97
Juices,4,Tomato Juice,3.33,1,0.0,3.33
Soft Drinks,2,Coca-Cola,0.66,19,0.05,11.91
Alcoholic Beverages,1,Merlot,4.48,4,0.0,17.92
Water,3,Vittel,0.56,11,0.0,6.16
Water,3,Vittel,0.64,1,0.0,0.64
Soft Drinks,2,Sprite,0.55,12,0.0,6.6
Soft Drinks,2,Rockstar,2.34,1,0.0,2.34
Juices,4,Granini Apple,2.26,27,0.05,57.97
Water,3,Gerolsteiner,1.01,3,0.0,3.03
Soft Drinks,2,Club Mate,2.13,11,0.0,23.43
Water,3,Selters,0.74,18,0.1,11.99
Soft Drinks,2,Mezzo Mix,0.67,9,0.05,5.73
Alcoholic Beverages,1,Warsteiner,1.46,88,0.1,115.63
Water,3,Selters,0.56,5,0.05,2.66
Alcoholic Beverages,1,Erdinger Weißbier,2.04,6,0.0,12.24
Alcoholic Beverages,1,Augustiner,2.3,18,0.05,39.33
Soft Drinks,2,Pepsi,1.53,9,0.0,13.77
Soft Drinks,2,Monster,3.19,22,0.05,66.67
Water,3,Vio Wasser,1.66,14,0.0,23.24
Alcoholic Beverages,1,Kölsch,0.96,4,0.0,3.84
Alcoholic Beverages,1,Augustiner,1.12,4,0.0,4.48
Soft Drinks,2,Red Bull,2.22,11,0.0,24.42
Soft Drinks,2,Schwip Schwap,1.27,1,0.0,1.27
Soft Drinks,2,Pepsi,1.58,7,0.0,11.06
Soft Drinks,2,Mezzo Mix,1.02,88,0.1,80.78
Soft Drinks,2,Pepsi,1.74,9,0.0,15.66
Soft Drinks,2,Rockstar,2.2,5,0.05,10.45
Soft Drinks,2,Schwip Schwap,1.2,9,0.0,10.8
Juices,4,Granini Apple,1.76,9,0.05,15.05
Alcoholic Beverages,1,Kölsch,0.96,12,0.0,11.52
Juices,4,Tomato Juice,2.43,58,0.1,126.85
Water,3,Evian,1.01,44,0.05,42.22
Alcoholic Beverages,1,Krombacher,1.63,5,0.0,8.15
Juices,4,Granini Apple,1.59,43,0.1,61.53
Water,3,Volvic Touch,1.46,7,0.0,10.22
Juices,4,Rauch Multivitamin,2.45,3,0.0,7.35
Soft Drinks,2,Mezzo Mix,0.63,15,0.0,9.45
Water,3,Vio Wasser,1.05,72,0.1,68.04
Water,3,Evian,1.25,85,0.1,95.62
Water,3,Volvic,0.57,10,0.0,5.7
Soft Drinks,2,Fritz-Kola,1.94,38,0.05,70.03
Water,3,Gerolsteiner,0.81,47,0.1,34.26
Juices,4,Hohes C Orange,1.75,9,0.0,15.75
Juices,4,Tomato Juice,3.43,12,0.0,41.16
Juices,4,Mango Juice,3.31,9,0.0,29.79
Juices,4,Granini Apple,1.42,99,0.1,126.52
Water,3,Vio Wasser,1.61,7,0.0,11.27
Juices,4,Mango Juice,3.21,6,0.0,19.26
Juices,4,Granini Apple,1.64,13,0.0,21.32
Water,3,San Pellegrino,0.57,37,0.1,18.98
Juices,4,Hohes C Orange,1.8,4,0.0,7.2
Juices,4,Hohes C Orange,2.49,25,0.05,59.14
Soft Drinks,2,Mountain Dew,0.69,3,0.05,1.97
Water,3,Gerolsteiner,0.55,55,0.05,28.74
Alcoholic Beverages,1,Riesling,7.84,71,0.1,500.98
Alcoholic Beverages,1,Chardonnay,5.03,7,0.0,35.21
Soft Drinks,2,Schwip Schwap,1.2,2,0.0,2.4
Juices,4,Mango Juice,2.68,40,0.1,96.48
Soft Drinks,2,Monster,3.12,9,0.0,28.08
Juices,4,Rauch Multivitamin,2.45,7,0.0,17.15
Water,3,Apollinaris,0.57,24,0.05,13.0
Water,3,Gerolsteiner,1.04,14,0.0,14.56
Soft Drinks,2,Club Mate,2.31,89,0.1,185.03
Alcoholic Beverages,1,Beck's,1.41,1,0.0,1.41
Soft Drinks,2,Monster,3.17,46,0.05,138.53
Soft Drinks,2,Red Bull,2.28,14,0.0,31.92
Water,3,San Pellegrino,0.55,88,0.1,43.56
Water,3,Volvic,0.57,13,0.0,7.41
Water,3,San Pellegrino,0.92,47,0.05,41.08
Water,3,Vittel,0.65,38,0.1,22.23
Soft Drinks,2,Fanta,0.73,31,0.1,20.37
Juices,4,Cranberry Juice,3.46,11,0.0,38.06
Juices,4,Passion Fruit Juice,2.81,32,0.05,85.42
Juices,4,Mango Juice,2.73,40,0.05,103.74
Alcoholic Beverages,1,Merlot,4.22,9,0.0,37.98
Soft Drinks,2,Coca-Cola,1.21,1,0.0,1.21
Water,3,Vittel,0.58,1,0.0,0.58
Soft Drinks,2,Fanta,1.23,6,0.0,7.38
Water,3,Volvic,0.79,54,0.05,40.53
Juices,4,Tomato Juice,3.83,47,0.1,162.01
Water,3,Evian,1.31,4,0.0,5.24
Soft Drinks,2,Coca-Cola,1.04,5,0.0,5.2
Juices,4,Tomato Juice,3.33,10,0.0,33.3
Alcoholic Beverages,1,Beck's,1.46,10,0.0,14.6
Juices,4,Tomato Juice,3.23,10,0.0,32.3
Soft Drinks,2,Monster,3.12,8,0.0,24.96
Soft Drinks,2,Coca-Cola,1.14,14,0.0,15.96
Alcoholic Beverages,1,Beck's,1.06,45,0.05,45.32
Water,3,Gerolsteiner,1.04,5,0.0,5.2
Soft Drinks,2,Red Bull,3.02,57,0.05,163.53
Juices,4,Rauch Multivitamin,2.38,2,0.0,4.76
Water,3,Selters,0.46,6,0.0,2.76
Soft Drinks,2,Mountain Dew,0.83,4,0.05,3.15
Water,3,Vittel,0.47,6,0.05,2.68
Juices,4,Rauch Multivitamin,2.38,14,0.0,33.32
Soft Drinks,2,Fritz-Kola,2.53,47,0.05,112.96
Soft Drinks,2,Mezzo Mix,0.61,4,0.0,2.44
Alcoholic Beverages,1,Augustiner,1.12,2,0.0,2.24
Water,3,Selters,0.47,13,0.0,6.11
Juices,4,Rauch Multivitamin,2.28,27,0.1,55.4
Juices,4,Hohes C Orange,1.75,13,0.0,22.75
Water,3,Vio Wasser,1.61,11,0.0,17.71
Alcoholic Beverages,1,Merlot,4.73,8,0.05,35.95
Water,3,Evian,1.15,73,0.1,75.55
Alcoholic Beverages,1,Erdinger Weißbier,2.24,4,0.0,8.96
Water,3,Vio Wasser,1.71,9,0.0,15.39
Water,3,Apollinaris,0.99,13,0.0,12.87
Alcoholic Beverages,1,Augustiner,1.09,12,0.0,13.08
Juices,4,Cranberry Juice,3.67,4,0.0,14.68
Soft Drinks,2,Coca-Cola,1.07,13,0.0,13.91
Juices,4,Mango Juice,2.4,34,0.1,73.44
Juices,4,Passion Fruit Juice,3.89,74,0.1,259.07
Alcoholic Beverages,1,Riesling,4.07,5,0.0,20.35
Juices,4,Mango Juice,3.28,55,0.1,162.36
Juices,4,Granini Apple,1.59,15,0.0,23.85
Juices,4,Mango Juice,3.6,57,0.1,184.68
Juices,4,Hohes C Orange,2.27,50,0.05,107.82
Soft Drinks,2,Schwip Schwap,1.27,2,0.0,2.54
Alcoholic Beverages,1,Erdinger Weißbier,1.98,15,0.0,29.7
Juices,4,Passion Fruit Juice,3.02,6,0.0,18.12
Water,3,Vittel,0.56,8,0.0,4.48
Water,3,San Pellegrino,0.88,95,0.1,75.24
Juices,4,Cranberry Juice,4.0,67,0.1,241.2
Soft Drinks,2,Mezzo Mix,0.57,14,0.05,7.58
Alcoholic Beverages,1,Jever,1.21,35,0.05,40.23
Juices,4,Tomato Juice,3.33,7,0.0,23.31
Soft Drinks,2,Mezzo Mix,0.59,15,0.0,8.85
Soft Drinks,2,Red Bull,3.45,84,0.1,260.82
Alcoholic Beverages,1,Jever,1.88,11,0.0,20.68
Alcoholic Beverages,1,Kölsch,1.82,55,0.1,90.09
Alcoholic Beverages,1,Augustiner,2.09,31,0.05,61.55
Soft Drinks,2,Mezzo Mix,1.21,97,0.05,111.5
Juices,4,Granini Apple,1.64,12,0.0,19.68
Soft Drinks,2,Sprite,0.94,87,0.1,73.6
Alcoholic Beverages,1,Riesling,8.88,66,0.05,556.78
Water,3,San Pellegrino,0.91,15,0.0,13.65
Soft Drinks,2,Pepsi,1.49,9,0.0,13.41
Water,3,Vittel,0.58,11,0.0,6.38
Water,3,Volvic Touch,0.68,27,0.05,17.44
Alcoholic Beverages,1,Erdinger Weißbier,1.92,15,0.0,28.8
Water,3,Vio Wasser,1.71,1,0.0,1.71
Alcoholic Beverages,1,Beck's,1.32,3,0.05,3.76
Alcoholic Beverages,1,Rotkäppchen Sekt,7.64,62,0.05,450.0
Soft Drinks,2,Coca-Cola,1.1,4,0.0,4.4
Water,3,San Pellegrino,1.01,54,0.05,51.81
Juices,4,Passion Fruit Juice,2.93,10,0.0,29.3
Alcoholic Beverages,1,Warsteiner,1.02,14,0.0,14.28
Juices,4,Granini Apple,1.83,83,0.05,144.3
Juices,4,Granini Apple,1.72,19,0.05,31.05
Water,3,Volvic Touch,1.46,2,0.0,2.92
Water,3,Apollinaris,0.99,7,0.0,6.93
Soft Drinks,2,Sprite,0.83,63,0.05,49.68
Soft Drinks,2,Coca-Cola,1.1,9,0.0,9.9
Soft Drinks,2,Club Mate,2.81,68,0.1,171.97
Soft Drinks,2,Fanta,1.17,82,0.05,91.14
Juices,4,Mango Juice,2.6,6,0.05,14.82
Water,3,Apollinaris,0.99,2,0.0,1.98
Water,3,San Pellegrino,0.91,9,0.0,8.19
Alcoholic Beverages,1,Erdinger Weißbier,1.38,66,0.05,86.53
Water,3,Volvic Touch,1.46,14,0.0,20.44
Soft Drinks,2,Sprite,0.9,40,0.1,32.4
Soft Drinks,2,Fritz-Kola,2.05,3,0.0,6.15
Juices,4,Hohes C Orange,1.8,13,0.0,23.4
Juices,4,Granini Apple,1.5,42,0.05,59.85
Soft Drinks,2,Rockstar,2.21,6,0.0,13.26
Alcoholic Beverages,1,Jever,1.19,30,0.05,33.91
Water,3,San Pellegrino,0.81,55,0.1,40.1
Soft Drinks,2,Monster,2.27,26,0.1,53.12
Soft Drinks,2,Mezzo Mix,1.05,48,0.1,45.36
Soft Drinks,2,Pepsi,1.49,4,0.0,5.96
Soft Drinks,2,Rockstar,3.04,65,0.1,177.84
Soft Drinks,2,Fritz-Kola,2.12,1,0.0,2.12
Soft Drinks,2,Mountain Dew,0.99,15,0.0,14.85
Water,3,Gerolsteiner,1.14,35,0.1,35.91
Juices,4,Passion Fruit Juice,2.93,5,0.0,14.65
Alcoholic Beverages,1,Augustiner,1.12,5,0.0,5.6
Soft Drinks,2,Rockstar,2.21,1,0.0,2.21
Juices,4,Granini Apple,1.19,9,0.05,10.17
Alcoholic Beverages,1,Merlot,4.48,1,0.0,4.48
Juices,4,Hohes C Orange,1.86,10,0.0,18.6
Water,3,Volvic Touch,1.76,82,0.1,129.89
Juices,4,Hohes C Orange,2.57,31,0.1,71.7
Soft Drinks,2,Club Mate,1.83,18,0.05,31.29
Water,3,San Pellegrino,0.87,98,0.1,76.73
Juices,4,Granini Apple,1.97,64,0.1,113.47
Alcoholic Beverages,1,Riesling,10.07,45,0.1,407.84
Soft Drinks,2,Red Bull,2.22,1,0.0,2.22
Water,3,Volvic,0.64,93,0.1,53.57
Water,3,Vittel,0.59,12,0.0,7.08
Juices,4,Cranberry Juice,3.67,12,0.0,44.04
Juices,4,Hohes C Orange,2.1,60,0.05,119.7
Water,3,Evian,1.54,59,0.1,81.77
Soft Drinks,2,Schwip Schwap,1.2,7,0.0,8.4
Soft Drinks,2,Fritz-Kola,3.08,18,0.05,52.67
Alcoholic Beverages,1,Krombacher,1.03,7,0.05,6.85
Soft Drinks,2,Red Bull,2.37,35,0.1,74.66
Water,3,San Pellegrino,0.42,35,0.1,13.23
Alcoholic Beverages,1,Rotkäppchen Sekt,5.19,2,0.05,9.86
Water,3,Evian,0.8,70,0.05,53.2
Water,3,Evian,1.22,97,0.1,106.51
Water,3,Apollinaris,0.42,68,0.1,25.7
Soft Drinks,2,Mountain Dew,0.96,9,0.0,8.64
Soft Drinks,2,Fanta,1.16,5,0.0,5.8
Water,3,Gerolsteiner,1.04,11,0.0,11.44
Water,3,Vio Wasser,1.66,1,0.0,1.66
Soft Drinks,2,Mezzo Mix,0.63,9,0.0,5.67
Juices,4,Tomato Juice,2.2,40,0.05,83.6
Water,3,Apollinaris,0.88,59,0.05,49.32
Water,3,Volvic,0.71,65,0.1,41.54
Soft Drinks,2,Sprite,0.53,13,0.0,6.89
Water,3,Gerolsteiner,0.64,27,0.05,16.42
Juices,4,Mango Juice,2.51,21,0.05,50.07
Soft Drinks,2,Schwip Schwap,0.9,57,0.1,46.17
Alcoholic Beverages,1,Warsteiner,1.02,13,0.0,13.26
Soft Drinks,2,Fritz-Kola,2.59,80,0.05,196.84
Soft Drinks,2,Schwip Schwap,1.2,75,0.1,81.0
Alcoholic Beverages,1,Jever,1.17,47,0.1,49.49
Juices,4,Granini Apple,1.64,14,0.0,22.96
Water,3,Vio Wasser,1.57,41,0.05,61.15
Juices,4,Passion Fruit Juice,3.11,7,0.0,21.77
Soft Drinks,2,Pepsi,1.53,5,0.0,7.65
Soft Drinks,2,Mezzo Mix,0.59,5,0.0,2.95
Alcoholic Beverages,1,Beck's,1.51,12,0.0,18.12
Soft Drinks,2,Schwip Schwap,1.24,10,0.0,12.4
Alcoholic Beverages,1,Beck's,1.01,61,0.1,55.45
Water,3,Vio Wasser,1.66,15,0.0,24.9
Alcoholic Beverages,1,Merlot,10.03,30,0.05,285.85
Juices,4,Granini Apple,2.52,22,0.1,49.9
Soft Drinks,2,Rockstar,2.27,4,0.0,9.08
Soft Drinks,2,Monster,3.09,55,0.1,152.95
Juices,4,Mango Juice,3.67,11,0.05,38.35
Juices,4,Hohes C Orange,1.8,1,0.0,1.8
Soft Drinks,2,Mezzo Mix,1.4,80,0.05,106.4
Soft Drinks,2,Pepsi,1.53,10,0.0,15.3
Soft Drinks,2,Mountain Dew,0.99,12,0.0,11.88
Soft Drinks,2,Rockstar,1.89,54,0.05,96.96
Soft Drinks,2,Mezzo Mix,0.61,1,0.0,0.61
Alcoholic Beverages,1,Chardonnay,4.74,10,0.0,47.4
Water,3,Volvic,0.55,10,0.0,5.5
Juices,4,Granini Apple,1.67,99,0.1,148.8
Juices,4,Tomato Juice,3.23,2,0.0,6.46
Juices,4,Granini Apple,1.54,13,0.05,19.02
Soft Drinks,2,Coca-Cola,1.04,9,0.0,9.36
Alcoholic Beverages,1,Beck's,1.46,5,0.0,7.3
Water,3,Selters,0.46,10,0.0,4.6
Water,3,Vio Wasser,1.11,45,0.05,47.45
Soft Drinks,2,Schwip Schwap,1.2,1,0.0,1.2
Soft Drinks,2,Fanta,0.84,19,0.05,15.16
Soft Drinks,2,Monster,3.31,2,0.0,6.62
Juices,4,Mango Juice,2.64,26,0.05,65.21
Soft Drinks,2,Mezzo Mix,0.61,10,0.0,6.1
Water,3,Volvic,0.91,8,0.1,6.55
Water,3,San Pellegrino,0.91,2,0.0,1.82
Alcoholic Beverages,1,Beck's,1.33,6,0.0,7.98
Alcoholic Beverages,1,Riesling,5.56,17,0.05,89.79
Water,3,Vittel,0.62,12,0.0,7.44
Alcoholic Beverages,1,Kölsch,0.99,9,0.0,8.91
Juices,4,Tomato Juice,3.23,8,0.0,25.84
Soft Drinks,2,Red Bull,3.39,91,0.1,277.64
Alcoholic Beverages,1,Riesling,4.07,6,0.0,24.42
Water,3,Volvic Touch,1.04,4,0.05,3.95
Alcoholic Beverages,1,Beck's,1.51,1,0.0,1.51
Alcoholic Beverages,1,Warsteiner,1.44,91,0.1,117.94
Juices,4,Mango Juice,3.21,2,0.0,6.42
Soft Drinks,2,Coca-Cola,1.04,15,0.0,15.6
Water,3,Apollinaris,0.93,4,0.0,3.72
Water,3,Vittel,0.64,9,0.0,5.76
Water,3,Gerolsteiner,1.01,5,0.0,5.05
Water,3,Apollinaris,0.94,41,0.05,36.61
Alcoholic Beverages,1,Krombacher,1.08,13,0.1,12.64
Water,3,Apollinaris,0.96,8,0.0,7.68
Alcoholic Beverages,1,Sauvignon Blanc,8.57,9,0.0,77.13
Water,3,Volvic Touch,1.46,1,0.0,1.46
Water,3,Volvic Touch,1.69,75,0.1,114.08
Soft Drinks,2,Pepsi,1.49,11,0.0,16.39
Alcoholic Beverages,1,Jever,1.2,83,0.1,89.64
Juices,4,Tomato Juice,2.51,84,0.1,189.76
Water,3,Volvic Touch,0.72,26,0.05,17.78
Soft Drinks,2,Schwip Schwap,1.24,9,0.0,11.16
Soft Drinks,2,Rockstar,2.21,4,0.0,8.84
Juices,4,Granini Apple,1.12,39,0.05,41.5
Soft Drinks,2,Club Mate,2.13,14,0.0,29.82
Soft Drinks,2,Club Mate,2.19,13,0.0,28.47
Soft Drinks,2,Coca-Cola,1.21,97,0.1,105.63
Alcoholic Beverages,1,Warsteiner,1.07,68,0.1,65.48
Alcoholic Beverages,1,Chardonnay,5.03,8,0.0,40.24
Soft Drinks,2,Pepsi,1.74,7,0.0,12.18
Juices,4,Granini Apple,1.49,13,0.05,18.4
Alcoholic Beverages,1,Warsteiner,1.43,10,0.05,13.58
Soft Drinks,2,Rockstar,2.02,10,0.05,19.19
Water,3,Evian,1.08,52,0.1,50.54
Water,3,Volvic Touch,0.99,26,0.05,24.45
Juices,4,Tomato Juice,3.23,9,0.0,29.07
Alcoholic Beverages,1,Beck's,1.02,55,0.05,53.3
Alcoholic Beverages,1,Riesling,4.32,3,0.0,12.96
Juices,4,Cranberry Juice,2.4,12,0.05,27.36
Water,3,Selters,1.51,94,0.1,127.75
Juices,4,Tomato Juice,3.43,11,0.0,37.73
Juices,4,Rauch Multivitamin,2.31,1,0.0,2.31
Juices,4,Cranberry Juice,3.67,11,0.0,40.37
Water,3,San Pellegrino,0.89,1,0.0,0.89
Juices,4,Cranberry Juice,3.21,100,0.1,288.9
Alcoholic Beverages,1,Chardonnay,4.88,10,0.0,48.8
Soft Drinks,2,Coca-Cola,0.95,14,0.05,12.63
Soft Drinks,2,Sprite,1.54,93,0.1,128.9
Soft Drinks,2,Coca-Cola,0.77,14,0.05,10.24
Water,3,Gerolsteiner,1.01,13,0.0,13.13
Water,3,Vittel,0.68,58,0.05,37.47
Soft Drinks,2,Coca-Cola,1.28,90,0.05,109.44
Soft Drinks,2,Mountain Dew,0.99,10,0.0,9.9
Soft Drinks,2,Mezzo Mix,1.24,92,0.1,102.67
Soft Drinks,2,Mountain Dew,0.93,11,0.0,10.23
Water,3,Gerolsteiner,1.07,9,0.0,9.63
Alcoholic Beverages,1,Beck's,1.41,3,0.0,4.23
Juices,4,Mango Juice,3.82,87,0.05,315.72
Juices,4,Tomato Juice,3.43,15,0.0,51.45
Alcoholic Beverages,1,Kölsch,0.93,4,0.0,3.72
Water,3,Vittel,0.56,7,0.0,3.92
Water,3,Gerolsteiner,1.07,14,0.0,14.98
Juices,4,Hohes C Orange,1.82,38,0.1,62.24
Water,3,Vio Wasser,1.51,59,0.1,80.18
Soft Drinks,2,Club Mate,2.76,93,0.1,231.01
Soft Drinks,2,Sprite,1.27,69,0.1,78.87
Soft Drinks,2,Fritz-Kola,1.93,46,0.05,84.34
Juices,4,Cranberry Juice,2.18,46,0.05,95.27
Soft Drinks,2,Fritz-Kola,2.12,5,0.0,10.6
Soft Drinks,2,Sprite,1.24,93,0.1,103.79
Juices,4,Granini Apple,1.27,76,0.05,91.69
Alcoholic Beverages,1,Erdinger Weißbier,1.98,5,0.0,9.9
Alcoholic Beverages,1,Jever,1.88,8,0.0,15.04
Soft Drinks,2,Red Bull,2.22,9,0.0,19.98
Water,3,Apollinaris,0.99,12,0.0,11.88
Water,3,Apollinaris,0.6,14,0.05,7.98
Juices,4,Cranberry Juice,2.52,6,0.05,14.36
Soft Drinks,2,Fanta,1.23,15,0.0,18.45
Soft Drinks,2,Rockstar,2.48,2,0.1,4.46
Soft Drinks,2,Monster,1.76,38,0.1,60.19
Juices,4,Tomato Juice,4.09,81,0.1,298.16
Juices,4,Tomato Juice,2.2,22,0.05,45.98
Juices,4,Mango Juice,3.65,42,0.05,145.64
Water,3,Vio Wasser,0.74,62,0.05,43.59
Water,3,San Pellegrino,0.56,16,0.1,8.06
Alcoholic Beverages,1,Erdinger Weißbier,1.92,9,0.0,17.28
Soft Drinks,2,Fritz-Kola,2.6,60,0.05,148.2
Alcoholic Beverages,1,Riesling,4.19,8,0.0,33.52
Water,3,Apollinaris,0.79,40,0.05,30.02
Juices,4,Cranberry Juice,2.62,12,0.05,29.87
Juices,4,Rauch Multivitamin,2.38,8,0.0,19.04
Water,3,Volvic,1.01,79,0.1,71.81
Juices,4,Hohes C Orange,1.86,9,0.0,16.74
Soft Drinks,2,Mezzo Mix,0.61,8,0.0,4.88
Water,3,San Pellegrino,0.91,11,0.0,10.01
Alcoholic Beverages,1,Beck's,1.37,5,0.0,6.85
Alcoholic Beverages,1,Erdinger Weißbier,1.33,58,0.1,69.43
Water,3,Evian,1.23,4,0.0,4.92
Water,3,Evian,1.28,26,0.05,31.62
Soft Drinks,2,Rockstar,3.48,13,0.05,42.98
Water,3,Volvic Touch,1.46,9,0.0,13.14
Water,3,Gerolsteiner,1.04,8,0.0,8.32
Soft Drinks,2,Rockstar,2.21,8,0.0,17.68
Soft Drinks,2,Club Mate,1.79,17,0.1,27.39
Water,3,Selters,0.69,39,0.05,25.56
Water,3,Volvic Touch,1.94,87,0.1,151.9
Water,3,Vio Wasser,1.66,13,0.0,21.58
Alcoholic Beverages,1,Sauvignon Blanc,8.83,9,0.0,79.47
Water,3,Volvic Touch,1.38,4,0.0,5.52
Juices,4,Tomato Juice,2.25,38,0.1,76.95
Water,3,Apollinaris,0.96,4,0.0,3.84
Soft Drinks,2,Schwip Schwap,1.13,19,0.05,20.4
Water,3,Evian,1.47,84,0.1,111.13
Water,3,Volvic Touch,1.38,8,0.0,11.04
Alcoholic Beverages,1,Augustiner,1.12,8,0.0,8.96
Alcoholic Beverages,1,Jever,1.23,58,0.1,64.21
Juices,4,Mango Juice,3.1,87,0.05,256.21
Juices,4,Tomato Juice,1.84,40,0.05,69.92
Juices,4,Cranberry Juice,2.63,51,0.1,120.72
Water,3,Vittel,0.67,61,0.05,38.83
Juices,4,Hohes C Orange,3.39,68,0.1,207.47
Water,3,Evian,1.23,2,0.0,2.46
Water,3,Apollinaris,0.96,2,0.0,1.92
Alcoholic Beverages,1,Erdinger Weißbier,1.92,5,0.0,9.6
Juices,4,Hohes C Orange,1.33,5,0.05,6.32
Soft Drinks,2,Mezzo Mix,1.17,57,0.1,60.02
Juices,4,Mango Juice,2.61,18,0.1,42.28
Juices,4,Mango Juice,3.28,65,0.1,191.88
Water,3,Volvic Touch,1.32,4,0.1,4.75
Soft Drinks,2,Coca-Cola,1.07,2,0.0,2.14
Soft Drinks,2,Pepsi,1.58,6,0.0,9.48
Alcoholic Beverages,1,Kölsch,1.71,22,0.05,35.74
Alcoholic Beverages,1,Sauvignon Blanc,8.83,11,0.0,97.13
Juices,4,Mango Juice,3.31,12,0.0,39.72
Soft Drinks,2,Club Mate,2.19,5,0.0,10.95
Soft Drinks,2,Red Bull,1.83,22,0.05,38.25
Juices,4,Mango Juice,2.93,54,0.05,150.31
Alcoholic Beverages,1,Erdinger Weißbier,1.98,9,0.0,17.82
Soft Drinks,2,Red Bull,2.22,15,0.0,33.3
Juices,4,Hohes C Orange,1.75,22,0.1,34.65
Water,3,Gerolsteiner,1.14,67,0.05,72.56
Juices,4,Tomato Juice,3.43,1,0.0,3.43
Juices,4,Mango Juice,3.29,23,0.05,71.89
Juices,4,Hohes C Orange,1.75,12,0.0,21.0
Alcoholic Beverages,1,Jever,1.88,6,0.0,11.28
Alcoholic Beverages,1,Warsteiner,1.55,61,0.05,89.82
Juices,4,Cranberry Juice,3.21,11,0.05,33.54
Alcoholic Beverages,1,Krombacher,1.54,2,0.0,3.08
Water,3,Selters,0.49,11,0.0,5.39
Soft Drinks,2,Monster,3.21,13,0.0,41.73
Water,3,Gerolsteiner,0.42,37,0.05,14.76
Juices,4,Granini Apple,1.59,9,0.0,14.31
Water,3,Volvic Touch,1.42,13,0.0,18.46
Alcoholic Beverages,1,Sauvignon Blanc,7.82,33,0.05,245.16
Alcoholic Beverages,1,Merlot,4.35,13,0.0,56.55
Juices,4,Hohes C Orange,1.74,7,0.05,11.57
Juices,4,Mango Juice,2.6,87,0.05,214.89
Soft Drinks,2,Sprite,0.56,12,0.0,6.72
Water,3,Volvic,0.57,12,0.0,6.84
Soft Drinks,2,Fanta,0.87,13,0.05,10.74
Water,3,Evian,1.39,70,0.1,87.57
Alcoholic Beverages,1,Jever,1.15,23,0.05,25.13
Soft Drinks,2,Mountain Dew,0.93,2,0.0,1.86
Soft Drinks,2,Pepsi,1.58,13,0.0,20.54
Alcoholic Beverages,1,Krombacher,1.54,11,0.0,16.94
Juices,4,Passion Fruit Juice,2.93,15,0.0,43.95
Soft Drinks,2,Sprite,0.56,2,0.0,1.12
Soft Drinks,2,Rockstar,2.34,15,0.0,35.1
Juices,4,Passion Fruit Juice,2.93,9,0.0,26.37
Juices,4,Hohes C Orange,1.79,17,0.05,28.91
Soft Drinks,2,Fritz-Kola,1.99,8,0.0,15.92
Soft Drinks,2,Monster,2.07,12,0.05,23.6
Alcoholic Beverages,1,Sauvignon Blanc,5.18,10,0.05,49.21
Juices,4,Passion Fruit Juice,2.98,1,0.1,2.68
Juices,4,Granini Apple,1.31,63,0.1,74.28
Water,3,San Pellegrino,1.06,83,0.1,79.18
Soft Drinks,2,Fritz-Kola,1.94,48,0.05,88.46
Juices,4,Passion Fruit Juice,3.11,8,0.0,24.88
Alcoholic Beverages,1,Krombacher,1.45,65,0.1,84.82
Soft Drinks,2,Coca-Cola,1.18,5,0.0,5.9
Water,3,Evian,1.56,95,0.1,133.38
Soft Drinks,2,Coca-Cola,1.19,77,0.1,82.47
Water,3,Vittel,1.02,78,0.1,71.6
Water,3,Selters,1.25,55,0.1,61.88
Soft Drinks,2,Fanta,1.19,12,0.0,14.28
Alcoholic Beverages,1,Warsteiner,1.69,82,0.1,124.72
Water,3,San Pellegrino,0.95,10,0.05,9.02
Water,3,Gerolsteiner,0.84,22,0.1,16.63
Water,3,Vittel,0.56,15,0.0,8.4
Soft Drinks,2,Schwip Schwap,1.1,53,0.1,52.47
Soft Drinks,2,Mountain Dew,0.96,1,0.0,0.96
Water,3,San Pellegrino,0.94,71,0.1,60.07
Water,3,Apollinaris,0.96,7,0.0,6.72
Juices,4,Rauch Multivitamin,3.26,94,0.1,275.8
Water,3,Volvic,0.57,14,0.0,7.98
Soft Drinks,2,Red Bull,2.35,9,0.0,21.15
Alcoholic Beverages,1,Krombacher,1.0,37,0.1,33.3
Alcoholic Beverages,1,Augustiner,1.12,15,0.0,16.8
Soft Drinks,2,Schwip Schwap,1.24,12,0.0,14.88
Soft Drinks,2,Mountain Dew,0.96,14,0.0,13.44
Water,3,Gerolsteiner,1.04,2,0.0,2.08
Juices,4,Tomato Juice,1.59,24,0.05,36.25
Water,3,Gerolsteiner,0.4,41,0.05,15.58
Soft Drinks,2,Coca-Cola,1.07,7,0.0,7.49
Alcoholic Beverages,1,Beck's,1.51,6,0.0,9.06
Juices,4,Rauch Multivitamin,2.31,7,0.0,16.17
Juices,4,Mango Juice,3.12,6,0.0,18.72
Soft Drinks,2,Fritz-Kola,2.12,11,0.0,23.32
Water,3,Vio Wasser,1.4,74,0.1,93.24
Water,3,San Pellegrino,0.38,3,0.05,1.08
Alcoholic Beverages,1,Kölsch,0.96,15,0.0,14.4
Water,3,San Pellegrino,0.86,9,0.0,7.74
Soft Drinks,2,Sprite,0.57,47,0.1,24.11
Soft Drinks,2,Red Bull,2.35,10,0.0,23.5
Water,3,Vio Wasser,0.64,5,0.05,3.04
Water,3,Volvic Touch,0.75,17,0.1,11.48
Alcoholic Beverages,1,Kölsch,0.96,5,0.0,4.8
Soft Drinks,2,Mountain Dew,0.98,75,0.1,66.15
Water,3,Vittel,0.56,2,0.0,1.12
Juices,4,Granini Apple,2.11,86,0.1,163.31
Water,3,San Pellegrino,0.8,99,0.1,71.28
Alcoholic Beverages,1,Riesling,4.32,10,0.0,43.2
Juices,4,Mango Juice,3.33,46,0.05,145.52
Water,3,Vittel,0.81,87,0.1,63.42
Alcoholic Beverages,1,Erdinger Weißbier,2.11,10,0.0,21.1
Water,3,Vio Wasser,2.16,98,0.1,190.51
Juices,4,Hohes C Orange,1.8,8,0.0,14.4
Juices,4,Cranberry Juice,3.35,58,0.1,174.87
Alcoholic Beverages,1,Warsteiner,1.08,3,0.0,3.24
Alcoholic Beverages,1,Warsteiner,1.02,10,0.0,10.2
Soft Drinks,2,Pepsi,1.49,13,0.0,19.37
Juices,4,Granini Apple,1.64,8,0.0,13.12
Water,3,Volvic,0.76,33,0.05,23.83
Juices,4,Rauch Multivitamin,2.79,20,0.05,53.01
Juices,4,Cranberry Juice,3.73,97,0.1,325.63
Soft Drinks,2,Club Mate,1.59,19,0.05,28.7
Juices,4,Tomato Juice,3.33,4,0.0,13.32
Water,3,Evian,1.0,9,0.1,8.1
Soft Drinks,2,Pepsi,0.91,25,0.05,21.61
Water,3,Evian,1.23,6,0.0,7.38
Juices,4,Cranberry Juice,4.39,84,0.1,331.88
Water,3,Vittel,0.87,21,0.05,17.36
Alcoholic Beverages,1,Warsteiner,1.83,79,0.1,130.11
Soft Drinks,2,Club Mate,2.26,7,0.0,15.82
Alcoholic Beverages,1,Augustiner,1.16,3,0.0,3.48
Soft Drinks,2,Fritz-Kola,2.93,73,0.1,192.5
Soft Drinks,2,Monster,3.31,15,0.0,49.65
Soft Drinks,2,Coca-Cola,1.06,76,0.05,76.53
Alcoholic Beverages,1,Warsteiner,1.02,4,0.0,4.08
Juices,4,Rauch Multivitamin,1.71,23,0.1,35.4
Water,3,San Pellegrino,0.4,29,0.05,11.02
Alcoholic Beverages,1,Riesling,4.32,8,0.0,34.56
Juices,4,Hohes C Orange,2.1,57,0.1,107.73
Alcoholic Beverages,1,Augustiner,2.54,93,0.1,212.6
Alcoholic Beverages,1,Merlot,4.48,13,0.0,58.24
Water,3,San Pellegrino,0.61,13,0.1,7.14
Soft Drinks,2,Schwip Schwap,1.19,90,0.1,96.39
Water,3,Selters,0.49,9,0.0,4.41
Juices,4,Hohes C Orange,1.59,46,0.05,69.48
Soft Drinks,2,Pepsi,0.93,15,0.1,12.56
Water,3,San Pellegrino,0.89,7,0.0,6.23
Alcoholic Beverages,1,Krombacher,1.0,84,0.1,75.6
Soft Drinks,2,Red Bull,2.35,7,0.0,16.45
Alcoholic Beverages,1,Jever,1.94,3,0.0,5.82
Soft Drinks,2,Coca-Cola,1.14,6,0.0,6.84
Soft Drinks,2,Schwip Schwap,1.24,4,0.0,4.96
Water,3,San Pellegrino,1.5,91,0.1,122.85
Soft Drinks,2,Mezzo Mix,0.83,41,0.05,32.33
Soft Drinks,2,Coca-Cola,1.18,3,0.0,3.54
Alcoholic Beverages,1,Augustiner,1.57,46,0.05,68.61
Water,3,Vittel,0.37,59,0.1,19.65
Soft Drinks,2,Pepsi,1.58,9,0.0,14.22
Soft Drinks,2,Pepsi,0.75,2,0.05,1.42
Juices,4,Tomato Juice,2.82,16,0.05,42.86
Juices,4,Mango Juice,3.12,12,0.0,37.44
Alcoholic Beverages,1,Jever,1.99,8,0.0,15.92
Soft Drinks,2,Fanta,1.16,3,0.0,3.48
Water,3,Volvic,0.42,5,0.05,2.0
Soft Drinks,2,Fanta,1.16,6,0.0,6.96
Water,3,Vittel,0.56,41,0.1,20.66
Water,3,Selters,0.46,13,0.0,5.98
Juices,4,Passion Fruit Juice,3.02,11,0.0,33.22
Soft Drinks,2,Monster,3.12,6,0.0,18.72
Water,3,Volvic Touch,2.27,85,0.1,173.66
Water,3,Evian,1.26,7,0.0,8.82
Soft Drinks,2,Red Bull,1.98,39,0.05,73.36
Juices,4,Rauch Multivitamin,2.97,58,0.05,163.65
Soft Drinks,2,Sprite,1.23,21,0.05,24.54
Soft Drinks,2,Monster,1.89,39,0.05,70.02
Alcoholic Beverages,1,Sauvignon Blanc,5.01,19,0.05,90.43
Soft Drinks,2,Sprite,0.76,58,0.05,41.88
Juices,4,Granini Apple,1.64,3,0.0,4.92
Juices,4,Granini Apple,1.92,72,0.1,124.42
Water,3,Volvic Touch,1.21,50,0.05,57.47
Juices,4,Mango Juice,3.09,79,0.1,219.7
Soft Drinks,2,Monster,3.14,56,0.1,158.26
Alcoholic Beverages,1,Krombacher,1.59,1,0.0,1.59
Soft Drinks,2,Fritz-Kola,2.12,14,0.0,29.68
Juices,4,Cranberry Juice,2.82,50,0.1,126.9
Juices,4,Mango Juice,2.89,21,0.05,57.66
Alcoholic Beverages,1,Jever,1.59,67,0.1,95.88
Juices,4,Mango Juice,2.89,29,0.1,75.43
Soft Drinks,2,Club Mate,2.26,3,0.0,6.78
Alcoholic Beverages,1,Kölsch,0.93,2,0.0,1.86
Juices,4,Passion Fruit Juice,2.93,4,0.0,11.72
Alcoholic Beverages,1,Erdinger Weißbier,2.06,62,0.1,114.95
Water,3,Selters,1.63,90,0.1,132.03
Water,3,Evian,0.92,3,0.05,2.62
Alcoholic Beverages,1,Sauvignon Blanc,6.41,21,0.05,127.88
Water,3,Apollinaris,0.49,43,0.05,20.02
Juices,4,Rauch Multivitamin,3.0,2,0.05,5.7
Soft Drinks,2,Club Mate,2.13,5,0.0,10.65
Juices,4,Tomato Juice,1.9,15,0.05,27.08
Soft Drinks,2,Pepsi,0.68,54,0.1,33.05
Water,3,Vio Wasser,1.61,13,0.0,20.93
Soft Drinks,2,Pepsi,1.58,14,0.0,22.12
Water,3,Volvic,0.72,16,0.05,10.94
Alcoholic Beverages,1,Erdinger Weißbier,2.65,70,0.05,176.22
Alcoholic Beverages,1,Warsteiner,0.92,11,0.05,9.61
Soft Drinks,2,Club Mate,1.97,40,0.05,74.86
Soft Drinks,2,Monster,2.27,15,0.05,32.35
Soft Drinks,2,Fanta,0.57,12,0.05,6.5
Alcoholic Beverages,1,Merlot,4.48,14,0.0,62.72
Water,3,Volvic,0.55,8,0.0,4.4
Juices,4,Granini Apple,1.6,93,0.1,133.92
Juices,4,Tomato Juice,2.07,18,0.1,33.53
Water,3,Volvic Touch,1.53,93,0.1,128.06
Juices,4,Passion Fruit Juice,2.31,4,0.05,8.78
Water,3,Evian,1.26,12,0.0,15.12
Water,3,Vio Wasser,1.71,11,0.0,18.81
Juices,4,Granini Apple,1.46,14,0.05,19.42
Water,3,Vittel,0.99,36,0.1,32.08
